David Phillips,"[9.961, 10, [0.91, 0.936, 1.346, 0.065, 1.441, 0.816, 1.862, 0.637, 1.207, 0.741], [1.2, 18.1, 47.2, 55.1, 77.2, 178.2, 192.1, 415.1, 436.1, 1376.2]]"
Mick Harford,"[15.367999999999999, 19, [1.697, 1.129, 0.92, 0.67, 0.93, 0.265, 0.93, 0.083, 0.0, 1.646, 0.809, 1.498, 0.461, 0.762, 0.67, 0.356, 0.771, 1.024, 0.747], [2.1, 45.1, 67.2, 77.1, 97.2, 121.1, 135.2, 158.1, 288.2, 480.1, 976.1, 1085.1, 1120.1, 1143.2, 1173.1, 1173.1, 1433.1, 1656.1, 2064.1]]"
John Williams,"[7.606999999999999, 11, [0.692, 0.673, 0.641, 1.207, 0.607, 0.747, 0.265, 0.67, 0.757, 1.346, 0.002], [3.1, 22.2, 22.2, 86.1, 263.2, 372.1, 383.1, 452.1, 499.2, 692.2, 769.1]]"
Paul Wilkinson,"[10.011, 13, [0.262, 0.692, 0.356, 1.357, 0.955, 0.808, 1.197, 1.377, 0.93, 0.953, 0.0, 0.018, 1.106], [3.2, 26.1, 26.1, 53.2, 57.1, 138.1, 148.2, 264.1, 330.2, 402.1, 409.2, 425.1, 456.1]]"
Gareth Southgate,"[13.182, 17, [1.106, 0.265, 0.842, 0.993, 1.004, 0.165, 0.293, 1.207, 0.692, 0.816, 1.192, 0.67, 0.964, 0.067, 0.955, 1.697, 0.254], [4.1, 189.1, 335.2, 946.2, 1198.1, 1358.2, 1658.1, 1779.1, 2717.1, 3104.2, 3104.2, 3337.1, 3470.2, 3961.1, 4151.1, 4172.1, 4465.1]]"
Stuart Ripley,"[8.863000000000001, 14, [0.789, 0.368, 0.0, 1.482, 0.842, 1.268, 0.692, 0.864, 1.056, 0.129, 0.262, 0.763, 0.0, 0.348], [4.2, 99.1, 111.1, 255.2, 377.2, 392.2, 406.1, 465.2, 569.2, 750.1, 876.2, 2327.1, 2366.1, 3002.1]]"
Warren Barton,"[8.712, 10, [0.92, 0.93, 0.81, 1.002, 0.692, 0.741, 0.919, 0.808, 1.887, 0.003], [7.2, 39.2, 521.1, 687.1, 1075.1, 1217.2, 2049.2, 2200.1, 2236.1, 2464.2]]"
Andy Sinton,"[13.348000000000003, 16, [0.868, 0.86, 1.024, 0.771, 0.096, 0.108, 1.346, 0.058, 0.677, 0.919, 0.697, 0.837, 1.346, 0.673, 1.646, 1.422], [11.2, 84.2, 92.1, 236.1, 236.1, 236.1, 366.2, 526.1, 539.2, 539.2, 1892.1, 1905.2, 1922.2, 1991.2, 1999.1, 2120.1]]"
Mark Walters,"[7.726999999999999, 11, [0.817, 0.93, 0.964, 0.0, 1.528, 1.646, 0.747, 0.468, 0.111, 0.293, 0.223], [15.1, 37.2, 88.2, 142.1, 209.1, 209.1, 417.1, 417.1, 417.1, 429.1, 454.1]]"
Graeme Sharp,"[12.152, 16, [0.747, 0.463, 0.957, 0.396, 0.74, 0.254, 0.771, 1.145, 1.002, 0.756, 0.673, 1.646, 0.789, 0.741, 0.308, 0.764], [19.1, 28.1, 78.2, 91.1, 165.1, 184.1, 216.1, 572.2, 643.1, 707.1, 738.2, 762.1, 787.2, 837.2, 852.2, 884.2]]"
Denis Irwin,"[10.881, 18, [0.936, 0.0, 0.396, 0.265, 0.93, 0.607, 0.153, 0.692, 1.491, 0.897, 0.553, 0.293, 0.468, 0.747, 0.553, 0.113, 0.809, 0.978], [25.1, 234.1, 248.1, 323.1, 408.2, 515.2, 725.2, 1079.1, 1374.1, 1522.2, 1775.2, 2405.1, 2514.1, 2586.1, 2884.2, 3009.1, 3066.1, 3211.1]]"
John Hendrie,"[7.206999999999999, 11, [0.02, 1.002, 0.853, 1.078, 0.397, 0.727, 0.81, 0.175, 1.137, 0.004, 1.004], [26.1, 171.1, 191.1, 191.1, 191.1, 361.2, 390.1, 438.2, 456.1, 1569.1, 2316.1]]"
Neil Adams,"[7.737, 12, [0.81, 0.107, 0.238, 0.368, 0.03, 1.01, 0.771, 0.977, 0.086, 1.862, 0.67, 0.808], [28.1, 184.1, 193.2, 288.1, 321.2, 321.2, 341.1, 366.1, 386.1, 1015.1, 1162.1, 1201.1]]"
Gunnar Halle,"[5.669, 10, [0.03, 0.938, 0.083, 0.74, 0.096, 0.697, 0.68, 0.653, 0.673, 1.079], [28.1, 50.2, 91.1, 184.1, 457.1, 558.1, 2440.2, 2483.2, 2593.2, 2612.2]]"
Simon Barker,"[10.101999999999999, 15, [0.722, 0.058, 0.0, 0.693, 0.868, 0.741, 0.842, 0.692, 0.088, 1.019, 0.81, 0.858, 0.727, 1.268, 0.716], [29.1, 566.1, 590.1, 664.2, 800.2, 807.2, 1039.2, 1151.1, 1211.1, 1244.1, 1413.1, 1517.1, 1646.2, 1646.2, 1694.2]]"
Vinnie Jones,"[8.798999999999998, 13, [0.262, 1.019, 0.868, 1.01, 0.011, 1.165, 0.858, 0.581, 0.677, 0.581, 0.108, 0.817, 0.842], [30.2, 186.1, 513.2, 579.2, 1020.1, 1075.1, 1285.1, 1506.2, 1527.2, 1717.2, 1854.1, 1882.1, 2025.2]]"
Steve Sedgley,"[10.282, 13, [0.977, 0.238, 0.186, 1.298, 0.67, 0.343, 0.816, 1.288, 0.67, 1.392, 0.692, 0.955, 0.757], [31.1, 412.2, 454.2, 493.1, 548.1, 548.1, 783.2, 825.2, 888.1, 994.1, 1058.1, 1123.1, 1158.2]]"
Andy Impey,"[8.088, 12, [0.964, 0.757, 0.004, 1.197, 0.498, 0.964, 0.385, 0.771, 0.406, 1.377, 0.058, 0.707], [42.2, 410.2, 590.1, 826.2, 826.2, 1018.2, 1154.2, 1312.1, 1456.1, 1560.1, 1724.1, 3014.2]]"
Mark Atkins,"[7.758999999999999, 12, [0.4, 1.078, 0.763, 0.1, 0.014, 0.692, 0.853, 1.079, 0.692, 0.681, 0.964, 0.443], [46.2, 66.1, 361.1, 377.2, 399.2, 479.1, 1025.1, 1109.2, 1113.1, 1141.2, 1224.1, 1230.1]]"
Garry Parker,"[14.524000000000001, 19, [0.673, 0.108, 0.816, 0.01, 0.947, 0.93, 0.86, 0.771, 1.252, 0.693, 0.757, 0.716, 1.002, 0.255, 0.906, 0.808, 1.079, 0.917, 1.024], [52.2, 52.2, 85.2, 88.1, 178.1, 215.2, 247.2, 260.1, 423.1, 654.2, 785.2, 1075.2, 1308.1, 1384.2, 1886.2, 1995.1, 2356.2, 2390.1, 2480.1]]"
John Wark,"[8.914, 13, [0.817, 0.897, 0.007, 0.463, 0.113, 0.809, 0.816, 1.192, 0.692, 0.817, 0.797, 1.491, 0.003], [54.1, 57.2, 91.2, 113.1, 113.1, 398.1, 624.2, 624.2, 682.1, 989.1, 1032.1, 1188.1, 1202.2]]"
Ian Olney,"[9.084000000000001, 13, [0.18, 0.977, 0.816, 0.747, 0.693, 1.862, 0.653, 0.113, 0.406, 0.964, 0.254, 1.022, 0.397], [58.1, 58.1, 78.2, 139.1, 193.2, 216.1, 370.2, 386.1, 386.1, 447.1, 447.1, 457.1, 499.1]]"
Steve Staunton,"[11.014999999999999, 13, [0.441, 1.079, 0.065, 1.589, 1.422, 1.002, 0.697, 0.055, 0.463, 0.757, 1.589, 1.048, 0.808], [65.1, 356.2, 464.1, 494.2, 509.1, 946.1, 968.1, 1013.2, 1229.1, 1382.2, 1898.2, 2079.1, 2222.1]]"
Steve Bruce,"[9.669, 11, [0.441, 0.4, 0.964, 1.019, 1.862, 0.002, 0.775, 0.757, 0.998, 1.654, 0.797], [75.1, 79.2, 116.2, 401.1, 401.1, 524.1, 707.2, 725.2, 954.2, 1258.2, 1657.2]]"
Andy Townsend,"[13.078999999999999, 13, [0.479, 0.817, 1.887, 0.0, 1.056, 1.843, 1.298, 0.756, 1.298, 1.202, 0.816, 0.93, 0.697], [77.1, 144.1, 187.1, 458.2, 543.2, 606.2, 758.1, 1240.2, 1448.1, 1670.1, 1824.2, 1926.2, 2683.1]]"
Brian McClair,"[8.97, 18, [0.897, 0.692, 0.103, 0.03, 0.186, 0.096, 0.085, 0.953, 1.135, 1.022, 0.332, 0.176, 0.293, 1.441, 0.86, 0.022, 0.647, 0.0], [79.2, 170.1, 170.1, 229.2, 229.2, 248.1, 276.2, 286.1, 336.2, 653.1, 931.1, 964.1, 983.1, 1135.2, 1386.2, 1478.2, 1522.2, 1522.2]]"
Paul Warhurst,"[9.521, 13, [0.93, 0.673, 0.747, 0.771, 0.263, 0.952, 0.697, 1.059, 0.93, 0.046, 0.842, 0.692, 0.919], [82.2, 272.2, 290.1, 311.1, 316.2, 431.1, 1042.1, 1177.1, 1795.2, 2094.1, 2167.2, 2225.1, 2346.2]]"
Graham Hyde,"[6.703, 11, [0.553, 1.079, 0.91, 0.255, 0.93, 0.747, 0.679, 0.763, 0.246, 0.441, 0.1], [82.2, 552.2, 944.2, 974.2, 1160.2, 1171.1, 1281.2, 1646.1, 1854.2, 2034.1, 2162.1]]"
Adrian Littlejohn,"[7.981999999999999, 11, [0.67, 0.479, 0.93, 1.207, 0.81, 0.993, 0.265, 0.125, 0.797, 0.959, 0.747], [83.1, 118.1, 144.2, 164.1, 205.1, 240.2, 315.1, 372.2, 535.1, 535.1, 875.1]]"
Ronny Rosenthal,"[7.019, 10, [0.014, 0.692, 0.463, 1.868, 0.018, 1.887, 0.1, 0.952, 0.86, 0.165], [88.2, 160.1, 160.1, 176.2, 181.1, 364.1, 757.1, 785.1, 1424.2, 2070.2]]"
Gary Penrice,"[10.256000000000002, 17, [1.004, 0.348, 0.01, 0.468, 0.771, 0.406, 0.697, 0.175, 1.002, 0.293, 0.706, 0.771, 1.065, 0.67, 0.808, 1.002, 0.06], [92.1, 117.1, 117.1, 193.1, 204.1, 236.1, 491.1, 516.2, 654.1, 695.1, 737.1, 791.1, 800.2, 895.1, 975.1, 975.1, 1051.1]]"
Dane Whitehouse,"[5.551, 10, [1.002, 0.67, 0.892, 0.113, 0.03, 0.673, 0.817, 0.763, 0.0, 0.591], [93.1, 118.1, 372.2, 458.1, 458.1, 487.2, 612.1, 715.1, 745.2, 830.1]]"
Neal Ardley,"[7.661999999999999, 12, [0.763, 0.747, 0.103, 0.479, 0.697, 0.562, 0.81, 0.638, 0.771, 0.327, 0.955, 0.81], [96.1, 208.1, 208.1, 368.1, 736.1, 1075.1, 1814.1, 1859.2, 2259.1, 2289.1, 3092.1, 3183.1]]"
Roy Wegerle,"[10.768, 13, [0.692, 0.091, 1.357, 0.706, 0.936, 0.851, 0.97, 0.771, 1.465, 1.422, 0.741, 0.681, 0.085], [111.1, 111.1, 231.2, 283.1, 486.1, 499.2, 507.2, 680.1, 718.2, 722.1, 1011.2, 1027.2, 1041.2]]"
Andy Clarke,"[7.869999999999999, 11, [0.046, 0.158, 0.581, 0.615, 0.81, 0.255, 0.368, 0.67, 1.377, 1.845, 1.145], [119.1, 208.1, 219.2, 273.2, 422.1, 500.2, 905.1, 1085.1, 1618.1, 1695.2, 1823.2]]"
Peter Beagrie,"[11.994, 17, [0.771, 0.681, 0.058, 0.757, 0.897, 0.0, 0.858, 0.441, 1.015, 1.019, 0.763, 0.723, 0.282, 0.76, 0.917, 0.406, 1.646], [123.1, 455.2, 455.2, 471.2, 580.2, 728.1, 844.1, 941.1, 1066.1, 2925.1, 3123.1, 3151.2, 3184.1, 3239.1, 3260.1, 3260.1, 3438.1]]"
Carlton Palmer,"[10.961999999999998, 15, [0.692, 0.581, 0.0, 0.0, 0.676, 0.443, 0.385, 1.887, 1.862, 0.93, 0.86, 0.486, 1.078, 0.385, 0.697], [127.1, 591.2, 608.2, 684.1, 693.2, 836.1, 1274.2, 1347.1, 1365.1, 1454.2, 1622.2, 2278.1, 2299.1, 2498.2, 3004.1]]"
Robbie Mustoe,"[6.247999999999999, 10, [0.673, 0.936, 0.479, 0.92, 0.842, 0.13, 0.378, 1.145, 0.004, 0.741], [129.2, 1681.1, 1803.1, 2009.2, 2623.2, 2790.2, 2844.1, 2877.2, 3772.1, 3988.2]]"
Mike Sheron,"[10.126, 18, [1.422, 0.741, 0.1, 0.697, 0.255, 0.641, 0.114, 0.609, 0.92, 0.262, 0.255, 0.81, 0.463, 1.145, 1.019, 0.003, 0.281, 0.389], [137.1, 145.2, 145.2, 161.1, 166.2, 242.2, 242.2, 278.1, 289.2, 308.2, 380.2, 507.1, 532.1, 559.2, 572.1, 642.1, 652.2, 1039.1]]"
Neil Ruddock,"[8.958, 16, [0.293, 0.111, 0.771, 0.816, 1.145, 1.015, 0.747, 0.207, 0.771, 0.018, 0.864, 0.771, 0.0, 0.741, 0.67, 0.018], [152.1, 312.1, 395.1, 495.2, 711.2, 725.1, 1013.1, 1074.1, 1420.1, 1490.1, 1530.2, 1614.1, 1614.1, 1889.2, 2644.1, 2856.1]]"
Darren Beckford,"[8.107999999999999, 10, [0.641, 0.0, 0.842, 0.747, 1.357, 0.816, 1.025, 0.892, 1.048, 0.74], [178.2, 386.1, 421.2, 447.1, 576.2, 597.2, 784.1, 808.2, 846.1, 909.1]]"
Neil Maddison,"[11.107999999999999, 17, [0.747, 0.843, 1.002, 0.763, 0.0, 0.756, 0.396, 1.129, 0.673, 0.0, 1.056, 1.059, 0.917, 0.93, 0.03, 0.067, 0.74], [195.1, 206.1, 257.1, 303.1, 505.1, 515.1, 568.1, 613.1, 744.2, 904.1, 923.2, 1007.1, 1053.1, 1238.2, 1468.2, 1988.1, 2170.1]]"
Craig Hignett,"[12.984, 19, [0.868, 1.011, 0.0, 0.046, 0.858, 0.92, 0.293, 1.288, 0.697, 0.955, 0.763, 0.059, 0.666, 0.0, 1.843, 0.174, 0.868, 0.676, 0.999], [226.2, 226.2, 260.2, 370.1, 1411.1, 1427.2, 1461.1, 1475.2, 1481.1, 1901.1, 1951.1, 2042.1, 2131.2, 3745.1, 3774.2, 3876.1, 3888.2, 4425.2, 4802.1]]"
Stuart Barlow,"[5.414, 10, [0.046, 0.246, 0.368, 0.747, 0.0, 0.741, 0.93, 0.71, 0.789, 0.837], [236.2, 236.2, 321.1, 373.1, 410.1, 598.2, 646.2, 721.2, 1263.2, 1283.2]]"
Kenneth Monkou,"[7.632, 10, [0.258, 0.771, 1.004, 2.0, 0.463, 0.763, 0.723, 0.697, 0.0, 0.953], [237.1, 568.1, 801.1, 863.2, 904.1, 1384.1, 1447.2, 1733.1, 2185.2, 2640.1]]"
Ian Woan,"[10.525, 17, [1.197, 0.697, 0.378, 0.919, 0.04, 0.44, 0.681, 0.692, 0.762, 0.397, 0.581, 0.681, 0.368, 0.44, 0.491, 0.952, 0.809], [243.2, 279.1, 279.1, 1014.2, 1033.1, 1268.2, 1302.2, 1337.1, 1393.2, 1446.1, 1570.2, 1593.2, 1715.1, 1721.2, 1732.1, 1756.1, 2060.1]]"
Chris Waddle,"[6.694999999999999, 11, [0.058, 0.692, 0.67, 0.096, 1.002, 0.93, 0.727, 0.757, 0.747, 0.638, 0.378], [290.1, 579.1, 602.1, 684.1, 1152.1, 1192.2, 1224.2, 1247.2, 1404.1, 1519.2, 2129.1]]"
Andy Hinchcliffe,"[7.447, 11, [0.129, 1.845, 0.8, 0.406, 0.676, 0.741, 0.348, 0.031, 0.468, 0.897, 1.106], [350.1, 1283.2, 1356.1, 1637.1, 1662.2, 1899.2, 2397.1, 2543.2, 2573.1, 2744.2, 3181.1]]"
David Wetherall,"[8.914, 15, [0.917, 0.692, 0.697, 0.697, 0.441, 0.003, 0.553, 0.692, 0.697, 0.81, 0.03, 1.003, 0.293, 0.697, 0.692], [374.1, 771.1, 977.1, 1064.1, 1372.1, 1440.1, 1582.2, 1721.1, 1755.1, 2228.1, 2248.1, 2462.1, 3075.1, 3278.1, 3584.1]]"
Gavin Peacock,"[11.698, 17, [1.002, 0.747, 0.747, 0.93, 0.18, 0.763, 1.197, 0.463, 0.67, 0.581, 0.486, 0.858, 1.482, 0.771, 0.129, 0.0, 0.692], [465.1, 501.1, 531.1, 541.2, 574.1, 669.1, 790.2, 892.1, 962.1, 972.2, 1012.1, 1296.1, 1568.2, 1634.1, 1634.1, 1634.1, 1644.1]]"
John Moncur,"[8.229999999999999, 10, [0.868, 1.145, 0.281, 0.0, 1.268, 0.741, 1.528, 1.357, 0.02, 1.022], [470.2, 670.2, 728.2, 799.2, 1009.2, 1278.2, 1864.1, 2119.2, 2363.1, 3151.1]]"
Trevor Morley,"[9.908, 13, [0.456, 0.917, 0.293, 0.93, 0.389, 1.165, 1.377, 0.998, 0.293, 0.553, 0.414, 0.641, 1.482], [540.2, 570.1, 626.1, 648.2, 676.1, 748.1, 782.1, 793.2, 848.1, 858.2, 858.2, 873.2, 897.2]]"
Lee Clark,"[9.336, 13, [0.93, 0.673, 0.747, 0.02, 0.06, 0.679, 0.263, 0.741, 1.862, 0.673, 0.692, 0.999, 0.997], [547.2, 737.2, 1261.1, 1482.1, 1630.1, 1973.2, 1988.2, 4153.2, 4382.1, 4471.2, 4624.1, 5055.1, 5386.1]]"
Graeme Le Saux,"[6.085000000000001, 12, [0.697, 0.677, 0.44, 0.959, 0.461, 0.0, 0.129, 0.0, 0.67, 0.396, 0.158, 1.498], [659.1, 907.2, 1141.2, 1166.1, 1259.1, 1509.1, 2114.1, 2195.2, 3831.1, 4148.1, 4265.1, 5160.1]]"
Craig Burley,"[7.448, 13, [0.763, 0.293, 0.262, 1.01, 0.892, 0.897, 0.046, 0.006, 0.697, 0.938, 0.0, 0.727, 0.917], [721.1, 804.1, 810.2, 1188.2, 1243.2, 1812.2, 2101.2, 3117.2, 3215.1, 3239.2, 3239.2, 3524.2, 3534.1]]"
Martin Allen,"[7.661999999999999, 10, [0.677, 0.8, 0.673, 0.67, 0.953, 0.108, 0.959, 1.079, 1.002, 0.741], [727.2, 748.1, 873.2, 889.1, 896.1, 897.2, 923.1, 1009.2, 1040.1, 1412.2]]"
Paul Walsh,"[11.306000000000001, 16, [0.727, 0.441, 0.808, 0.608, 0.697, 0.368, 0.058, 0.747, 0.964, 0.553, 0.697, 0.368, 0.797, 1.106, 1.009, 1.358], [831.2, 844.1, 862.1, 900.1, 941.1, 949.1, 949.1, 971.1, 984.2, 1031.2, 1037.1, 1037.1, 1066.1, 1066.1, 1281.1, 1332.2]]"
Graham Fenton,"[9.196000000000002, 13, [0.757, 0.679, 0.281, 1.002, 1.019, 1.862, 0.0, 0.947, 0.535, 0.368, 0.263, 0.553, 0.93], [875.2, 1084.2, 1084.2, 1676.1, 1719.1, 1719.1, 1732.2, 1739.1, 1758.2, 2138.1, 2160.2, 2223.2, 2296.2]]"
Ian Pearce,"[9.420000000000002, 11, [1.346, 0.02, 0.059, 0.81, 0.771, 0.348, 0.993, 1.862, 1.465, 0.747, 0.999], [896.2, 1449.1, 2450.1, 2769.1, 2792.1, 3413.1, 4010.2, 4046.1, 4212.2, 4232.1, 5868.1]]"
Paul Furlong,"[12.341999999999999, 13, [0.293, 1.084, 0.998, 0.953, 1.868, 1.129, 0.897, 0.841, 0.741, 0.747, 1.843, 0.018, 0.93], [926.1, 972.2, 992.2, 1009.1, 1107.2, 1155.1, 1356.2, 1356.2, 1366.2, 1377.1, 1600.2, 1634.1, 1666.2]]"
Robbie Elliott,"[4.864000000000001, 10, [0.065, 0.809, 0.0, 0.67, 0.0, 0.93, 0.964, 0.0, 0.314, 1.112], [935.2, 1336.1, 1997.1, 2010.1, 2059.1, 2098.2, 2121.2, 2143.1, 3838.2, 4904.1]]"
Kevin Gallen,"[11.67, 18, [1.392, 0.28, 0.348, 1.048, 0.673, 0.673, 0.06, 1.08, 1.207, 0.378, 1.059, 0.747, 0.525, 1.135, 0.018, 0.697, 0.332, 0.018], [944.1, 1039.2, 1081.1, 1151.1, 1154.2, 1220.2, 1276.1, 1283.1, 1292.1, 1312.1, 1571.1, 1663.1, 1671.1, 1672.2, 1703.1, 1724.1, 1748.1, 1748.1]]"
Colin Cooper,"[12.42, 13, [0.553, 0.757, 1.845, 0.993, 0.917, 0.716, 0.977, 1.01, 1.08, 1.192, 0.953, 0.67, 0.757], [959.2, 1393.2, 1483.1, 1538.2, 1606.1, 1721.2, 1906.1, 1961.2, 2683.1, 3526.2, 3539.1, 3699.1, 3879.2]]"
Lars Bohinen,"[7.1370000000000005, 14, [0.396, 0.044, 0.858, 1.059, 1.025, 0.0, 0.747, 0.479, 0.0, 0.468, 1.056, 0.92, 0.0, 0.085], [974.1, 998.2, 1033.1, 1145.1, 1252.1, 1302.2, 1468.1, 1509.1, 1509.1, 1612.1, 1795.2, 1862.2, 2174.1, 2484.2]]"
Daniel Amokachi,"[6.9959999999999996, 10, [0.843, 0.763, 0.396, 1.112, 0.441, 0.4, 1.009, 1.357, 0.002, 0.673], [981.1, 1323.1, 1323.1, 1356.1, 1408.1, 1421.2, 1528.1, 1700.2, 1712.1, 1749.2]]"
Tony Adams,"[7.417000000000001, 12, [0.843, 0.816, 0.0, 0.443, 1.862, 0.917, 0.81, 0.332, 0.697, 0.0, 0.697, 0.0], [987.1, 999.2, 1312.2, 1447.1, 1905.1, 1920.1, 2093.1, 2376.1, 2481.1, 2513.1, 2584.1, 3476.1]]"
Ugo Ehiogu,"[15.673, 19, [0.0, 0.265, 0.692, 1.288, 1.197, 0.93, 0.255, 0.842, 1.08, 0.956, 1.646, 0.917, 0.454, 0.378, 0.868, 1.106, 0.763, 1.059, 0.977], [990.2, 1176.1, 1355.1, 1405.2, 1802.2, 1919.2, 2126.2, 2193.2, 2282.1, 2616.1, 2717.1, 3176.1, 3431.1, 3507.1, 3543.2, 3999.1, 4125.1, 4191.1, 4212.1]]"
Mark Draper,"[9.899999999999999, 13, [0.97, 0.842, 0.92, 0.374, 0.254, 0.479, 0.692, 0.647, 0.858, 1.252, 0.697, 0.917, 0.998], [993.2, 1098.2, 1216.2, 1248.1, 1268.1, 1387.1, 1438.1, 2193.2, 2336.1, 2336.1, 2841.1, 2862.1, 3557.2]]"
Steve Lomas,"[10.324000000000002, 14, [1.112, 0.418, 0.86, 1.025, 1.288, -0.002, 0.154, 1.08, 0.673, 0.853, 0.692, 0.858, 0.396, 0.917], [1014.1, 1037.1, 1514.2, 1661.1, 1744.2, 2304.1, 2498.1, 2652.1, 3171.2, 3413.1, 3964.1, 3985.1, 4019.1, 4046.1]]"
Keith Gillespie,"[12.765, 17, [0.265, 0.692, 0.103, 0.868, 1.358, 0.809, 0.816, 0.03, 0.0, 0.771, 0.789, 0.919, 0.763, 1.252, 0.771, 0.697, 1.862], [1049.1, 1357.1, 1381.1, 1473.2, 1473.2, 1544.2, 1753.2, 2049.2, 2248.2, 2256.1, 2316.2, 2316.2, 2728.1, 3681.1, 4021.1, 5693.1, 5716.1]]"
Danny Dichio,"[14.691000000000003, 19, [0.858, 0.255, 1.465, 0.816, 0.1, 0.858, 1.868, 0.917, 0.943, 0.218, 0.327, 0.868, 0.378, 0.397, 1.422, 0.771, 0.67, 0.797, 0.763], [1051.1, 1067.2, 1380.2, 1440.2, 1440.2, 1456.1, 1457.2, 1473.1, 1473.1, 1589.2, 1642.1, 1672.2, 1703.1, 3500.1, 4201.1, 4231.1, 4244.1, 4324.1, 4393.1]]"
Jim Magilton,"[11.707999999999998, 15, [1.129, 0.917, 0.92, 0.68, 0.496, 0.653, 1.207, 0.957, 0.979, 0.837, 0.065, 1.145, 0.757, 0.936, 0.03], [1083.1, 1163.1, 1193.2, 1223.2, 1304.1, 1341.2, 1431.1, 1572.2, 1631.1, 1809.2, 1943.1, 1977.2, 2083.2, 2477.1, 3324.2]]"
Steve Howey,"[8.131, 12, [1.048, 0.81, 0.406, 0.93, 0.154, 0.443, 0.86, 0.97, 0.8, 0.763, 0.771, 0.176], [1115.1, 1482.1, 1846.1, 3316.2, 3430.1, 3450.1, 3514.2, 3627.2, 3662.1, 4200.1, 4235.1, 4729.1]]"
Alf Inge Haaland,"[12.415000000000003, 18, [0.103, 0.525, 0.673, 0.956, 1.862, 0.816, 0.673, 1.862, 0.23, 0.004, 0.083, 0.0, 0.816, 1.697, 0.034, 0.443, 0.441, 1.197], [1117.1, 1784.1, 1820.2, 1942.1, 1942.1, 2050.2, 2078.2, 2290.1, 2293.2, 2341.2, 2428.1, 2428.1, 2483.2, 2524.1, 2880.2, 3302.1, 3372.1, 3456.2]]"
Jon Goodman,"[8.203000000000001, 11, [1.192, 0.864, 1.727, 0.936, 0.014, 0.706, 0.906, 0.692, 1.048, 0.114, 0.004], [1123.2, 1301.2, 1301.2, 1315.1, 1403.2, 1425.1, 1527.2, 1656.1, 1656.1, 1695.2, 2110.2]]"
Michael Hughes,"[9.443, 15, [0.113, 0.81, 0.952, 0.046, 0.615, 1.004, 0.677, 0.707, 1.106, 0.952, 1.078, 0.238, 0.181, 0.71, 0.254], [1164.1, 1386.1, 1794.1, 1803.2, 1832.2, 2289.1, 2338.2, 2383.2, 2439.1, 2554.1, 2716.1, 2940.2, 3207.2, 4930.2, 5128.1]]"
Tommy Johnson,"[7.227, 13, [1.003, 0.254, 0.245, 0.04, 0.647, 0.763, 0.897, 0.697, 0.68, 0.03, 0.406, 0.368, 1.197], [1217.1, 1217.1, 1217.1, 1229.1, 1504.2, 1508.1, 1518.2, 1557.1, 1595.2, 1773.2, 1787.1, 1858.1, 2068.2]]"
Jason Lee,"[8.631, 12, [0.181, 1.646, 0.114, 0.461, 0.692, 0.406, 1.252, 0.998, 0.419, 0.692, 0.777, 0.993], [1222.2, 1252.1, 1268.2, 1446.1, 1462.1, 1462.1, 1483.1, 1492.2, 1506.1, 1580.1, 1721.2, 1838.2]]"
Alan Thompson,"[9.585, 14, [0.165, 0.741, 0.747, 1.002, 0.757, 1.112, 1.059, 0.06, 0.374, 0.406, 0.246, 0.238, 1.868, 0.81], [1395.2, 2192.2, 2213.1, 2323.1, 2422.2, 2433.1, 2444.1, 2444.1, 2483.1, 2505.1, 2545.1, 2802.2, 3217.2, 3241.1]]"
David Platt,"[10.807000000000002, 13, [1.288, 0.917, 1.145, 0.764, 0.553, 1.025, 0.936, 0.615, 0.332, 0.747, 0.018, 1.609, 0.858], [1400.2, 1417.1, 1536.2, 1605.2, 1685.2, 1757.1, 1826.1, 2080.2, 2093.1, 2103.1, 2232.1, 2279.1, 2335.1]]"
Mark Pembridge,"[9.335999999999999, 17, [1.646, 0.86, 0.187, 0.763, 0.165, 0.186, 0.065, 0.936, 0.076, 0.697, 0.757, 0.676, 0.018, 0.67, 0.06, 0.858, 0.716], [1404.1, 1708.2, 1957.2, 1979.1, 1987.2, 1987.2, 2034.1, 2098.1, 2332.1, 2383.1, 2495.2, 2495.2, 3085.1, 3230.1, 3807.1, 4049.1, 4546.2]]"
Alan Stubbs,"[8.032, 11, [1.491, 1.288, 0.498, 0.076, 0.789, 0.615, 0.771, 0.181, 0.964, 0.697, 0.662], [1406.1, 1678.2, 1678.2, 1689.1, 3770.2, 3969.2, 5024.1, 5293.2, 5876.1, 5917.1, 5957.2]]"
Roberto Di Matteo,"[10.977, 15, [1.887, 1.192, 0.246, 0.917, 0.615, 0.0, 0.68, 1.145, 0.919, 0.246, 0.003, 1.862, 0.741, 0.465, 0.059], [1780.1, 1851.2, 1867.1, 1967.1, 2008.2, 2063.1, 2140.2, 2182.2, 2312.2, 2358.1, 2509.2, 2737.1, 2825.2, 3253.1, 3279.1]]"
Frank Leboeuf,"[13.362, 17, [0.771, 0.757, 0.817, 0.0, 1.022, 1.056, 0.978, 0.641, 1.887, 0.1, 0.763, 1.056, 0.747, 0.817, 0.692, 0.858, 0.4], [1788.1, 1798.2, 1824.1, 1830.2, 1983.1, 2029.2, 2185.1, 2195.2, 2244.1, 2332.2, 2489.1, 2585.2, 2607.1, 2737.1, 2787.1, 2964.1, 3025.2]]"
Steve Claridge,"[10.982000000000003, 11, [0.677, 0.842, 0.747, 0.757, 0.964, 1.482, 1.135, 0.602, 1.298, 1.422, 1.056], [1797.2, 1835.2, 1869.1, 1886.2, 1917.2, 1950.2, 2010.2, 2019.1, 2041.1, 2066.1, 2138.2]]"
Matt Oakley,"[9.566, 15, [0.003, 0.697, 0.722, 0.93, 0.673, 0.368, 0.176, 0.964, 0.378, 0.747, 0.771, 0.843, 0.67, 0.853, 0.771], [1836.2, 1843.1, 1943.1, 2339.2, 2656.2, 2753.1, 2957.1, 3002.1, 3127.1, 3432.1, 4000.1, 5160.1, 5949.1, 5978.1, 6144.1]]"
Allan Nielsen,"[8.040000000000001, 12, [1.207, 0.809, 0.397, 0.0, 0.281, 0.789, 0.692, 0.771, 0.917, 1.048, 0.797, 0.332], [1853.1, 1944.1, 1955.1, 1963.2, 2039.2, 2090.2, 2333.1, 2352.1, 2419.1, 2564.1, 2634.1, 2661.1]]"
Alex Rae,"[8.658, 12, [0.74, 0.314, 0.816, 0.055, 0.953, 1.145, 0.917, 1.205, 0.014, 0.897, 0.225, 1.377], [1856.1, 2063.2, 2994.2, 3145.2, 3162.1, 3426.2, 3445.1, 4577.1, 4583.2, 4585.2, 4708.2, 4760.1]]"
Eyal Berkovic,"[10.428999999999998, 17, [0.692, 0.223, 0.085, 0.463, 0.332, 0.096, 1.106, 1.298, 0.837, 1.022, 0.757, 0.396, 0.762, 0.479, 0.378, 0.756, 0.747], [1871.1, 1871.1, 1918.2, 2097.1, 2163.1, 2190.1, 2230.1, 2249.1, 2262.2, 2304.1, 2477.2, 2574.1, 2617.2, 2856.1, 4200.1, 4607.2, 4845.1]]"
Mikkel Beck,"[6.9830000000000005, 12, [0.0, 0.0, 0.214, 0.936, 0.468, 0.262, 0.771, 0.441, 0.92, 0.917, 1.135, 0.919], [1884.2, 2042.1, 2057.2, 2078.1, 2126.1, 2545.2, 2600.1, 2600.1, 2719.2, 2814.1, 2883.2, 3002.2]]"
Rio Ferdinand,"[8.204, 11, [0.262, 0.642, 0.673, 0.647, 0.771, 0.43, 1.887, 0.368, 0.662, 0.0, 1.862], [2002.2, 2069.2, 3605.2, 3629.2, 5344.1, 5358.1, 5409.1, 5652.1, 6035.2, 6161.1, 8210.1]]"
Neil Redfearn,"[9.186, 14, [0.692, 1.145, 0.727, 0.332, 0.677, 0.692, 0.602, 0.858, 0.955, 0.747, 0.406, 0.108, 0.897, 0.348], [2147.1, 2158.2, 2204.2, 2251.1, 2314.2, 2316.1, 2432.1, 2443.1, 2443.1, 2482.1, 2537.1, 2617.1, 2716.2, 3014.1]]"
Karl-Heinz Riedle,"[6.52, 11, [0.456, 0.93, 0.002, 0.789, 1.135, 0.789, 0.756, 0.03, 1.004, 0.223, 0.406], [2175.2, 2207.2, 2212.1, 2443.2, 2443.2, 2494.2, 2535.2, 2574.2, 2721.1, 2721.1, 2901.1]]"
Francesco Baiano,"[10.897, 16, [0.741, 0.4, 1.237, 0.01, 0.816, 0.553, 0.763, 1.059, 0.67, 1.192, 0.44, 0.04, 0.553, 0.747, 0.673, 1.003], [2202.2, 2220.2, 2220.2, 2226.1, 2241.2, 2241.2, 2246.1, 2252.1, 2284.1, 2323.2, 2323.2, 2474.1, 2567.2, 2802.1, 2817.2, 2826.1]]"
Danny Cadamarteri,"[11.284000000000002, 13, [1.022, 0.96, 0.085, 0.293, 0.727, 0.964, 1.346, 0.92, 0.892, 1.059, 0.797, 1.422, 0.797], [2204.1, 2227.1, 2237.2, 2247.1, 2603.2, 2665.2, 2665.2, 2704.2, 3177.2, 3418.1, 3429.1, 3458.1, 3513.2]]"
Lee Carsley,"[11.530999999999999, 16, [0.0, 0.868, 0.003, 0.638, 0.716, 1.288, 0.756, 0.003, 0.81, 0.677, 0.088, 0.837, 1.298, 0.814, 0.74, 1.995], [2226.1, 2698.2, 3513.1, 3597.2, 4037.2, 4154.2, 4218.1, 4389.2, 4441.1, 4740.2, 4816.1, 4954.2, 4967.1, 5178.2, 5876.1, 6057.1]]"
Hermann Hreidarsson,"[11.599, 14, [0.897, 0.757, 0.81, 0.653, 0.953, 0.67, 0.93, 0.176, 1.063, 0.615, 1.084, 1.491, 0.293, 1.207], [2257.2, 2427.2, 3092.1, 3430.2, 3768.1, 4576.1, 4764.2, 4999.1, 6018.1, 6029.2, 6234.1, 6568.1, 6574.1, 6850.1]]"
Matt Jansen,"[12.001, 19, [0.046, 0.679, 1.422, 0.917, 0.103, 0.86, 0.0, 0.853, 0.0, 0.609, 0.608, 0.892, 0.262, 0.757, 0.841, 0.262, 0.692, 1.528, 0.67], [2431.2, 2441.2, 2484.1, 2747.1, 2816.1, 3711.2, 3745.1, 3781.1, 3876.1, 3901.1, 3901.1, 3937.2, 3966.2, 4033.2, 4035.2, 4519.2, 4621.1, 4858.1, 4944.1]]"
David Thompson,"[9.690999999999999, 15, [1.646, 0.0, 1.002, 0.01, 0.676, 0.255, 0.81, 0.003, 1.022, 0.897, 0.837, 0.771, 0.479, 0.641, 0.642], [2475.1, 2741.1, 3008.1, 3071.1, 3119.2, 3415.2, 3466.1, 3508.2, 4088.1, 4102.2, 4194.2, 4306.1, 4569.1, 5404.2, 5557.2]]"
Emmanuel Petit,"[9.265999999999998, 11, [0.018, 0.81, 1.129, 0.68, 0.174, 0.816, 0.93, 0.93, 1.862, 1.862, 0.055], [2481.1, 2501.1, 2536.1, 2624.2, 2705.1, 2885.2, 2918.2, 3106.2, 3262.1, 3979.1, 4256.2]]"
George Boateng,"[11.935000000000002, 17, [0.468, 1.129, 0.615, 0.022, 1.207, 1.288, 0.378, 0.108, 0.757, 0.647, 0.999, 0.697, 1.192, 0.258, 1.003, 0.771, 0.396], [2506.1, 2748.1, 2785.2, 2785.2, 2833.1, 3084.2, 3198.1, 3470.2, 3725.2, 4888.2, 4924.1, 5171.1, 5259.2, 5514.1, 5881.1, 6162.1, 6941.1]]"
Nikolaos Dabizas,"[8.495999999999999, 10, [0.858, 0.581, 0.697, 1.011, 0.837, 1.08, 0.747, 1.135, 0.353, 1.197], [2509.1, 2576.2, 2611.1, 2683.2, 3051.2, 3062.1, 3105.1, 3699.2, 3708.1, 3935.2]]"
Clinton Morrison,"[13.281, 15, [1.887, 0.262, 1.01, 0.81, 1.868, 0.764, 0.332, 1.654, 0.124, 1.022, 0.964, 0.692, 0.757, 0.443, 0.692], [2521.1, 4090.2, 4090.2, 4104.1, 4193.2, 4296.2, 4323.1, 4463.2, 4465.2, 4507.1, 4645.2, 4946.1, 4974.2, 4977.1, 4988.1]]"
Andy Hunt,"[9.392, 10, [0.952, 1.845, 0.93, 0.91, 0.581, 1.197, 0.692, 0.707, 0.642, 0.936], [2588.1, 2617.1, 2634.2, 2634.2, 2734.2, 2778.2, 3287.1, 3306.2, 3306.2, 3357.1]]"
Dougie Freedman,"[7.255999999999999, 10, [0.716, 0.936, 0.441, 0.479, 0.817, 0.553, 0.8, 0.936, 0.741, 0.837], [2619.2, 2654.1, 2669.1, 2702.1, 2804.1, 2813.2, 2818.1, 2837.1, 2887.2, 5179.2]]"
Niclas Alexandersson,"[7.614999999999999, 12, [0.697, 0.321, 0.763, 0.816, 1.059, 0.93, 0.348, 0.111, 0.456, 1.106, 0.175, 0.833], [2660.1, 2660.1, 2684.1, 3071.2, 3118.1, 3128.2, 3181.1, 3282.1, 3590.2, 3633.1, 3969.2, 3976.2]]"
Hassan Kachloul,"[11.909, 16, [0.368, 0.998, 0.692, 0.81, 0.692, 0.936, 0.348, 1.059, 0.741, 0.67, 0.741, 0.679, 0.797, 0.959, 0.692, 0.727], [2703.1, 2722.2, 2734.1, 2753.1, 2798.1, 2933.1, 2933.1, 2957.1, 2967.2, 3256.1, 3290.2, 3290.2, 3665.1, 3665.1, 3757.1, 3797.2]]"
John Aloisi,"[7.978999999999999, 10, [1.025, 0.842, 0.414, 0.763, 0.953, 0.258, 0.866, 0.964, 0.697, 1.197], [2709.1, 2785.2, 2785.2, 2806.1, 2900.1, 2949.1, 2965.1, 3357.2, 3367.1, 3438.2]]"
Dietmar Hamann,"[9.485, 12, [0.03, 1.004, 1.346, 0.853, 0.747, 0.378, 1.609, 0.04, 1.059, 0.262, 0.692, 1.465], [2783.2, 2793.1, 2804.2, 2903.1, 3138.1, 3330.1, 3330.1, 3951.1, 4083.1, 4189.2, 4651.1, 4796.2]]"
Alun Armstrong,"[7.697, 13, [0.0, 0.06, 0.065, 0.368, 0.176, 0.897, 1.004, 0.868, 0.919, 0.697, 1.843, 0.697, 0.103], [2867.1, 3011.1, 3459.1, 3487.1, 3555.1, 3572.2, 3600.1, 3617.2, 3617.2, 3711.1, 3842.2, 3860.1, 3860.1]]"
Christian Ziege,"[9.822, 14, [0.707, 0.681, 0.756, 0.808, 0.97, 0.262, 0.681, 0.03, 1.528, 0.897, 0.113, 1.022, 0.67, 0.697], [2920.2, 2926.2, 3029.1, 3078.1, 3192.2, 3228.2, 3398.2, 3684.2, 3702.1, 3715.2, 3732.1, 3746.1, 4214.1, 4224.1]]"
Davor Suker,"[5.799000000000001, 10, [0.817, 1.048, 0.13, 1.078, 0.397, 0.055, 0.479, 0.091, 0.977, 0.727], [2963.1, 2963.1, 3001.2, 3003.1, 3003.1, 3083.2, 3113.1, 3113.1, 3314.1, 3318.2]]"
Gavin McCann,"[9.738999999999999, 12, [0.176, 0.842, 1.065, 0.67, 1.011, 1.025, 0.911, 0.858, 0.789, 0.92, 0.327, 1.145], [2969.1, 2974.2, 3057.2, 3097.1, 3486.2, 3570.1, 3575.2, 4223.1, 4927.2, 5328.2, 5706.1, 6291.2]]"
Mustapha Hadji,"[7.109999999999999, 14, [0.858, 0.0, 0.111, 0.463, 0.465, 0.004, 0.13, 1.025, 1.288, 0.917, 0.816, 0.641, 0.385, 0.007], [2984.1, 3004.1, 3031.1, 3083.1, 3145.1, 3267.1, 3336.2, 3427.1, 3479.2, 3586.1, 3644.2, 3644.2, 3725.2, 3749.2]]"
Gilles De Bilde,"[6.662999999999999, 10, [1.003, 0.004, 0.936, 0.979, 0.816, 0.842, 0.93, 0.0, 1.135, 0.018], [2996.1, 2996.1, 3039.1, 3039.1, 3074.2, 3136.2, 3227.2, 3267.2, 3276.2, 3282.1]]"
Dean Windass,"[8.921000000000001, 17, [0.055, 0.741, 0.03, 0.692, 0.897, 1.004, 0.677, -0.028, -0.666, 0.01, 0.763, 0.673, 0.368, 0.86, 0.858, 0.977, 1.01], [3010.2, 3033.2, 3047.2, 3135.1, 3151.2, 3157.1, 3239.1, 3239.1, 3239.1, 3260.1, 3298.1, 3431.2, 3447.1, 3585.2, 3617.1, 3922.1, 6461.2]]"
Robbie Blake,"[7.453, 11, [0.697, 0.258, 0.076, 0.853, 0.356, 1.422, 0.463, 0.953, 0.747, 0.673, 0.955], [3014.1, 3218.1, 3478.1, 3573.1, 3584.1, 3604.1, 5052.1, 5154.1, 6720.1, 6790.2, 7114.1]]"
Marc Vivien Foe,"[7.207, 10, [1.205, 0.964, 0.181, 1.01, 0.747, 0.246, 1.589, 0.397, 0.858, 0.01], [3052.1, 4215.2, 4217.2, 4217.2, 4240.1, 4240.1, 4259.2, 4291.1, 4391.1, 4391.1]]"
Branko Strupar,"[8.052, 15, [0.67, 0.293, 0.282, 0.892, 0.602, 0.609, 0.789, 0.893, 0.154, 0.697, 0.468, 0.553, 0.113, 0.2, 0.837], [3102.1, 3102.1, 3136.1, 3179.2, 3239.2, 3290.1, 3303.2, 3308.2, 3323.1, 3563.1, 3563.1, 3929.2, 3969.1, 3969.1, 3979.2]]"
Vladimir Smicer,"[8.733, 10, [1.358, 0.911, 0.747, 1.346, 1.887, 0.763, 0.02, 0.741, 0.864, 0.096], [3119.2, 3398.2, 3537.1, 3846.2, 3975.1, 3982.1, 4042.1, 4773.2, 4796.2, 4803.1]]"
Jo Tessem,"[11.164000000000001, 12, [1.002, 0.897, 0.897, 1.288, 0.853, 0.463, 0.86, 1.129, 0.92, 0.993, 1.862, 0.0], [3127.1, 3149.2, 3182.2, 3200.2, 3304.1, 3402.1, 3466.2, 3578.1, 3907.2, 3973.2, 4253.1, 4416.2]]"
Kevin Kilbane,"[11.428999999999998, 15, [1.646, 0.858, 0.67, 1.079, 0.697, 0.0, 0.553, 0.93, 0.085, 1.137, 0.461, 0.757, 0.947, 0.939, 0.67], [3220.1, 3342.1, 3612.1, 3638.2, 3650.1, 3847.2, 4026.2, 4277.2, 4565.2, 4594.1, 4676.1, 4900.2, 5899.1, 6193.1, 7034.1]]"
Joseph-Desire Job,"[11.873000000000001, 16, [0.816, 0.615, 0.763, 1.887, 0.155, 0.74, 0.174, 0.697, 0.917, 0.692, 0.4, 1.441, 0.789, 0.332, 1.059, 0.396], [3289.2, 3323.2, 3663.1, 4076.1, 4123.2, 4151.1, 4241.1, 4474.1, 4559.1, 4596.1, 4725.2, 4793.2, 4825.2, 4982.1, 5003.1, 5003.1]]"
Thomas Gravesen,"[6.188000000000001, 11, [0.463, 0.186, 0.083, 0.058, 0.441, 0.176, 0.581, 0.716, 1.192, 1.288, 1.004], [3308.1, 3339.1, 3730.1, 3749.1, 4119.1, 4564.1, 4795.2, 4819.2, 4819.2, 4926.2, 4960.1]]"
Titus Bramble,"[9.040999999999999, 10, [1.059, 0.463, 1.002, 1.422, 0.771, 0.92, 1.01, 0.747, 0.977, 0.67], [3309.1, 5032.1, 5521.1, 5564.1, 6143.1, 6154.2, 6451.2, 6770.1, 7052.1, 7514.1]]"
Serhiy Rebrov,"[5.71, 10, [0.491, 0.959, 0.93, -0.002, 0.281, 0.81, 0.286, 1.868, 0.083, 0.004], [3319.1, 3319.1, 3359.2, 3359.2, 3367.2, 3465.1, 3501.1, 3547.2, 3579.1, 3829.1]]"
Ade Akinbiyi,"[8.477, 11, [1.129, 0.763, 0.461, 0.808, 0.281, 0.368, 1.059, 0.843, 0.817, 1.207, 0.741], [3324.1, 3355.1, 3440.1, 3461.1, 3476.2, 3556.1, 3566.1, 3597.1, 3610.1, 3771.1, 3800.2]]"
Ashley Cole,"[9.501999999999999, 15, [0.892, 0.917, 0.897, 0.756, 1.491, 0.67, 0.741, 0.281, -0.006, 0.125, 0.096, 0.81, 0.135, 0.0, 1.697], [3326.2, 3386.1, 3665.2, 3830.2, 3855.1, 4067.1, 4870.2, 5057.2, 6222.2, 6704.2, 6735.1, 6759.1, 6907.1, 7081.1, 7886.1]]"
James Scowcroft,"[9.511, 14, [0.581, 0.797, 0.491, 0.06, 0.615, 1.01, 0.763, 1.252, 0.747, 1.135, 0.348, 0.756, 0.956, 0.0], [3340.2, 3459.1, 3480.1, 3511.1, 3800.2, 3832.2, 3911.1, 3911.1, 3955.1, 4441.2, 4512.1, 4637.2, 4723.1, 4724.1]]"
Matt Holland,"[14.490999999999998, 17, [1.528, 1.697, 1.004, 0.046, 0.491, 0.906, 1.019, 0.741, 0.553, 0.964, 0.757, 0.763, 0.897, 0.995, 0.741, 0.716, 0.673], [3409.1, 3555.1, 3652.1, 3768.1, 3787.1, 3909.2, 4463.1, 4552.2, 4552.2, 4576.1, 4743.2, 4806.1, 4972.2, 5040.2, 5080.2, 5384.2, 5940.2]]"
Ledley King,"[6.363, 10, [0.673, 0.197, -0.009, 0.461, 0.281, 0.747, 0.936, 1.288, 0.897, 0.892], [3447.2, 4575.2, 4933.1, 5162.1, 5254.2, 5289.1, 5342.1, 6485.2, 6787.2, 7058.2]]"
Shaun Goater,"[10.557000000000002, 13, [0.113, 1.197, 0.893, 0.697, 0.816, 1.357, 0.977, 1.346, 0.978, 0.419, 0.0, 0.771, 0.993], [3450.1, 3558.2, 3573.2, 3588.1, 3610.2, 3652.2, 4102.1, 4159.2, 4171.1, 4171.1, 4215.2, 4267.1, 4313.2]]"
Boudewijn Zenden,"[13.006, 19, [0.692, 0.389, 0.676, 1.022, 0.165, 0.897, 0.93, 1.079, 1.135, 1.056, 0.368, 0.763, 1.019, 0.176, 0.763, 0.0, 0.065, 0.995, 0.816], [3675.1, 3843.1, 4030.2, 4057.1, 4460.2, 4490.2, 4593.2, 4725.2, 4909.2, 4935.2, 4941.1, 5036.1, 5133.1, 5286.1, 5305.1, 6907.2, 7030.1, 7437.2, 7465.2]]"
Barry Hayles,"[7.422999999999999, 13, [1.298, 0.936, 0.763, 0.348, 0.858, 0.406, 0.81, 0.018, 0.615, 0.001, 0.03, 0.842, 0.498], [3682.1, 3734.1, 3753.1, 3783.1, 3814.1, 3814.1, 3920.1, 4022.1, 4100.2, 4474.2, 4599.2, 4666.2, 4666.2]]"
Kevin Lisbie,"[12.12, 14, [1.654, 1.868, 0.461, 0.018, 0.955, 0.92, 0.692, 1.646, 0.406, 0.03, 0.809, 1.022, 1.609, 0.03], [3687.2, 3810.2, 3812.1, 3812.1, 4026.1, 4202.2, 4248.1, 4307.1, 4398.1, 4719.2, 4773.1, 4773.1, 4773.1, 4809.2]]"
Tugay,"[4.874, 10, [0.0, 0.789, 0.67, 0.396, 0.014, 1.252, 0.763, 0.091, 0.006, 0.893], [3745.1, 3774.2, 3876.1, 4338.1, 4449.2, 5198.1, 5694.1, 6036.1, 6086.1, 6473.2]]"
Franck Queudrue,"[8.114, 12, [0.67, 0.956, 0.771, 0.424, 0.919, 0.424, 0.81, 0.93, 0.065, 0.03, 1.112, 1.003], [3756.1, 3983.1, 4108.1, 4825.2, 5042.2, 5042.2, 5061.1, 5109.2, 5207.2, 5282.2, 5353.1, 5765.2]]"
Steve Marlet,"[5.993, 11, [0.046, 1.022, 0.837, 0.4, 0.757, 0.293, 0.254, 0.031, 0.81, 0.837, 0.706], [3864.1, 3879.1, 3927.2, 3928.2, 3984.2, 4022.1, 4050.1, 4100.2, 4137.1, 4198.2, 4516.1]]"
Ricardo Gardner,"[8.268999999999998, 10, [0.816, 0.858, 0.797, 0.853, 1.255, 1.528, 0.486, 1.002, 0.004, 0.67], [3913.2, 3918.1, 3958.1, 4095.1, 4237.1, 6434.1, 6497.1, 6591.1, 6628.1, 6773.1]]"
Brett Ormerod,"[8.908000000000001, 12, [0.553, 0.67, 0.441, 0.377, 0.81, 1.465, 0.441, 1.845, 0.757, 0.858, 0.673, 0.018], [3940.2, 4127.1, 4127.1, 4153.1, 4385.1, 4387.2, 4428.1, 4428.1, 4658.2, 4751.1, 4786.2, 7353.1]]"
Youri Djorkaeff,"[16.022, 19, [0.741, 0.68, 0.091, 0.892, 0.67, 1.019, 0.864, 1.465, 0.97, 1.609, 0.282, 0.741, 1.843, 0.67, 1.08, 0.124, 0.797, 1.078, 0.406], [3968.2, 3968.2, 3996.1, 4046.2, 4059.1, 4116.1, 4143.2, 4183.2, 4276.2, 4296.1, 4397.1, 4482.2, 4482.2, 4519.1, 4608.1, 4648.2, 4710.1, 4710.1, 4731.1]]"
Thomas Hitzlsperger,"[9.315, 10, [0.777, 0.262, 1.862, 0.757, 0.406, 1.048, 1.843, 1.346, 0.01, 1.004], [4014.2, 4196.2, 4216.1, 4470.2, 4510.1, 4525.1, 4927.2, 5071.2, 7370.1, 7441.1]]"
Massimo Maccarone,"[8.377, 18, [0.81, 0.406, 0.463, 0.93, 0.955, 0.609, 0.756, 0.018, 0.02, 0.443, -0.06, 0.046, 0.692, 0.0, 0.111, 0.378, 0.378, 1.422], [4062.1, 4062.1, 4086.1, 4123.2, 4268.1, 4288.1, 4342.2, 4411.1, 4411.1, 4465.1, 4465.1, 4506.1, 4615.1, 4636.2, 4649.1, 5227.1, 5528.1, 5680.1]]"
Stern John,"[9.602, 10, [0.998, 0.673, 0.906, 0.97, 1.862, 1.003, 0.999, 0.97, 0.218, 1.003], [4071.2, 4128.2, 4128.2, 4275.2, 4417.1, 4510.2, 4567.1, 4605.2, 4759.2, 5958.2]]"
Kolo Touré,"[9.078000000000001, 12, [0.837, 0.681, 0.5, 0.378, 0.93, 0.864, 1.298, 1.019, 0.762, 1.009, 0.8, 0.0], [4082.2, 4120.2, 4437.2, 5684.1, 5785.2, 5910.2, 6034.1, 6235.1, 6596.2, 6816.1, 7299.1, 9245.2]]"
Ivan Campo,"[8.727, 13, [0.977, 0.396, 0.0, 0.225, 1.078, 0.692, 1.236, 0.263, 0.465, 0.396, 1.197, 1.002, 0.8], [4095.1, 4358.1, 4443.2, 4586.2, 4775.1, 4779.1, 5187.2, 5219.2, 5568.1, 5626.1, 5651.2, 5767.1, 6011.1]]"
Geoff Horsfield,"[7.727000000000001, 12, [0.01, 0.174, 0.4, 1.887, 1.004, 0.0, 0.757, 1.129, 0.67, 0.378, 0.756, 0.562], [4104.1, 4156.1, 4333.2, 4347.1, 4417.1, 4872.2, 5098.2, 5186.1, 5204.1, 5204.1, 5218.1, 5218.1]]"
Geremi,"[7.486000000000001, 12, [0.615, 0.332, 0.174, 0.81, 0.93, 1.207, 0.5, 0.018, 1.059, 0.022, 0.763, 1.056], [4123.2, 4125.1, 4191.1, 4220.1, 4310.2, 4335.1, 4342.2, 4625.1, 5224.1, 5260.2, 5687.1, 6266.2]]"
Diego Forlán,"[8.748999999999999, 10, [1.004, 1.646, 1.197, 0.498, 0.858, 1.862, 0.824, 0.002, 0.0, 0.858], [4150.1, 4158.1, 4203.2, 4203.2, 4252.1, 4279.1, 4471.1, 4542.1, 4542.1, 4573.1]]"
Jay Jay Okocha,"[9.734, 14, [0.181, 0.692, 0.67, 0.998, 1.887, 0.858, 0.443, 0.697, 0.083, 0.641, 0.816, 0.697, 0.757, 0.314], [4156.2, 4207.1, 4237.1, 4343.2, 4356.1, 4379.1, 4418.1, 4809.1, 4809.1, 4833.2, 4970.2, 5117.1, 5127.2, 5492.2]]"
Bryan Hughes,"[9.001999999999999, 10, [0.917, 0.979, 0.332, 0.756, 1.252, 0.771, 0.225, 0.771, 1.004, 1.995], [4367.1, 4387.1, 4489.1, 4614.1, 4614.1, 5179.1, 5295.2, 5394.1, 5526.1, 5768.1]]"
Jermaine Pennant,"[8.341, 14, [0.461, 0.088, 0.0, 0.747, 1.022, 0.747, 0.463, 0.461, 0.917, 0.816, 0.406, 0.096, 0.463, 1.654], [4416.1, 4416.1, 4416.1, 4709.1, 4743.1, 5381.1, 5401.1, 5797.1, 6227.1, 6290.2, 7379.1, 7424.1, 7443.1, 8253.2]]"
Glen Johnson,"[12.611, 15, [0.0, 0.763, 1.845, 0.108, 0.68, 1.106, 1.298, 0.441, 0.789, 0.468, 0.747, 0.085, 1.843, 0.741, 1.697], [4450.1, 4527.1, 4780.2, 6041.2, 6349.2, 6461.1, 6574.1, 6722.1, 6734.2, 7022.1, 7221.1, 7361.2, 7584.2, 8004.2, 8728.1]]"
Gilberto Silva,"[10.929999999999998, 17, [0.797, -0.079, 1.252, 1.145, 0.0, 0.999, 1.025, 0.244, 0.441, 0.04, 0.96, 0.843, 0.816, 1.002, 0.065, 0.917, 0.463], [4508.2, 4547.2, 4616.1, 4802.2, 5391.1, 5432.1, 5567.1, 5697.2, 5711.1, 5711.1, 5736.1, 5746.1, 5763.2, 5844.1, 5923.1, 5933.1, 6288.1]]"
Jon Stead,"[13.485999999999999, 14, [1.025, 1.697, 1.641, 0.68, 1.654, 0.93, 1.357, 0.741, 0.581, 0.763, 0.707, 0.018, 0.892, 0.8], [4521.1, 4558.1, 4587.2, 4657.2, 4758.2, 4781.2, 5090.2, 5154.2, 5498.2, 5808.1, 5815.2, 5897.1, 5906.2, 5944.1]]"
José Antonio Reyes,"[8.839, 16, [0.868, 0.757, 0.68, 0.496, 0.018, 0.842, 0.065, 0.004, 0.468, 0.763, 0.479, 0.001, 1.145, 0.465, 1.465, 0.323], [4524.2, 4553.2, 4816.2, 4825.1, 4829.1, 4841.2, 4848.2, 4876.1, 5073.1, 5151.1, 5174.1, 5227.2, 5355.2, 5364.1, 5555.2, 5555.2]]"
Brett Emerton,"[9.664, 13, [0.096, 0.262, 1.106, 1.043, 0.917, 0.864, 0.67, 0.837, 0.0, 2.001, 0.441, 0.747, 0.68], [4569.1, 4770.2, 4877.1, 4908.1, 5017.1, 5152.2, 5295.1, 6082.2, 6418.2, 7139.2, 7239.1, 7447.1, 7466.2]]"
Antoine Sibierski,"[11.514999999999999, 18, [0.0, 0.679, 0.906, 1.025, 0.608, 0.917, 1.465, 0.187, 0.002, 0.129, 0.673, 1.298, 0.763, 0.006, 0.085, 1.059, 0.059, 1.654], [4604.1, 4684.2, 4697.2, 4722.1, 4750.1, 4931.1, 4943.2, 5082.2, 5138.1, 5348.1, 5363.2, 5703.1, 5722.1, 5813.1, 5950.2, 5963.1, 5970.1, 6159.2]]"
Darren Ambrose,"[9.26, 11, [0.992, 0.993, 0.86, 0.897, 0.816, 0.864, 0.953, 0.406, 0.706, 0.763, 1.01], [4623.2, 4705.2, 4914.2, 5149.2, 5164.2, 5278.2, 5303.1, 5336.1, 5765.1, 5836.1, 5851.2]]"
Gary O'Neil,"[11.478, 16, [1.043, -0.002, 0.843, 0.868, 0.998, 0.747, 0.917, 0.673, 0.5, 1.059, 0.97, 0.002, 0.757, 0.756, 0.868, 0.479], [4714.1, 4714.1, 4943.1, 5077.2, 5265.2, 5360.1, 5377.1, 5499.2, 5499.2, 5522.1, 5790.2, 6424.1, 6454.2, 6628.2, 6705.2, 8149.1]]"
John O'Shea,"[8.104999999999999, 13, [0.692, 0.741, 0.0, 0.114, 1.135, 0.002, 2.0, 0.001, 0.262, 0.4, 0.858, 0.953, 0.947], [4777.1, 4784.2, 4981.1, 5047.2, 5321.2, 5710.1, 5846.2, 5882.2, 5917.2, 6768.2, 8042.1, 8203.1, 8364.1]]"
David Bentley,"[12.612, 18, [0.281, 0.673, 0.81, 1.022, 0.107, 0.824, 0.001, 1.589, 1.078, 1.079, 0.697, 0.853, 1.252, 0.906, 0.321, 0.741, 0.0, 0.378], [4832.2, 5160.2, 5417.1, 5417.1, 5417.1, 5631.1, 5664.2, 5740.2, 5937.1, 6019.2, 6027.1, 6086.1, 6086.1, 6144.2, 6212.1, 6417.2, 6833.1, 6921.1]]"
Zoltán Gera,"[11.624999999999998, 17, [0.67, 0.368, 0.392, 0.741, 1.207, 0.842, 0.999, 0.741, 0.697, 0.06, 1.135, 0.673, 0.026, 0.917, 0.443, 0.897, 0.817], [4834.1, 4881.1, 4913.1, 5008.2, 5115.1, 5141.2, 5237.2, 5561.2, 6357.1, 6617.1, 6781.2, 6894.2, 7225.1, 7852.1, 7909.1, 7970.2, 8021.1]]"
Luis Garcia,"[11.825999999999999, 18, [0.083, 0.479, 0.293, 0.0, 1.145, 0.468, 0.817, 0.906, 1.288, 0.897, 0.059, 1.011, 1.887, 0.92, 0.406, 0.113, 0.059, 0.995], [4849.1, 4869.1, 4899.1, 4996.2, 5019.2, 5104.1, 5130.1, 5140.2, 5243.2, 5322.2, 5326.1, 5383.2, 5442.1, 5471.2, 5487.1, 5659.1, 5726.1, 5773.2]]"
Ricardo Fuller,"[15.100999999999999, 19, [0.67, 0.0, 1.491, 0.868, 1.422, 0.697, 0.952, 0.293, 0.673, 0.964, 1.298, 0.209, 1.422, 1.288, 0.692, 0.74, 0.293, 1.129, 0.0], [4853.1, 6328.2, 6341.1, 6393.2, 6425.1, 6431.1, 6468.1, 6601.1, 6632.2, 6680.2, 6692.1, 6697.2, 6832.1, 7019.2, 7029.1, 7100.1, 7197.1, 7210.1, 7379.1]]"
Xabi Alonso,"[8.988, 14, [1.441, 0.917, 0.763, 0.747, 0.108, 0.265, 0.673, 0.06, 0.953, 0.771, 0.004, 1.288, 0.034, 0.964], [4891.2, 4953.1, 5200.1, 5286.1, 5294.2, 5615.1, 5738.2, 5749.1, 5940.1, 5986.1, 5986.1, 6477.2, 6520.2, 6659.2]]"
Damien Francis,"[9.784, 11, [0.96, 0.868, 0.809, 1.078, 0.757, 0.747, 1.609, 0.998, 0.808, 0.443, 0.707], [4900.1, 4915.2, 4942.1, 4942.1, 5015.2, 5042.1, 5063.1, 5246.2, 5590.1, 5851.1, 5881.2]]"
Diomansy Kamara,"[14.042, 17, [0.673, 0.897, 1.609, 0.808, 0.67, 1.024, 1.106, 0.707, 0.218, 1.988, 0.125, 1.048, 0.389, 0.964, 0.368, 0.771, 0.677], [4903.2, 5064.2, 5122.1, 5140.1, 5340.1, 5985.1, 6082.1, 6259.2, 6299.2, 6299.2, 6607.2, 6679.1, 6679.1, 6691.2, 6792.1, 7160.1, 7237.2]]"
Arjen Robben,"[11.824, 15, [1.422, 1.135, 0.002, 0.113, 1.482, 0.443, 0.673, 0.553, 0.93, 0.441, 1.268, 0.741, 0.265, 1.988, 0.368], [4917.1, 4929.2, 4959.1, 4980.1, 5004.2, 5038.1, 5053.2, 5234.2, 5352.2, 5373.1, 5399.2, 5416.2, 5449.1, 5755.2, 5788.1]]"
Robert Earnshaw,"[9.838000000000001, 13, [0.677, 0.762, 0.8, 0.92, 0.906, 1.995, 0.964, 1.346, 0.323, 0.006, 0.864, 0.0, 0.275], [4921.2, 4921.2, 4935.1, 4936.2, 4963.2, 5051.1, 5063.2, 5098.2, 5098.2, 5098.2, 5170.2, 5308.1, 6306.1]]"
Jerome Thomas,"[4.074, 11, [0.197, 0.771, 0.67, 0.03, 0.468, 0.004, 0.06, 0.065, 0.706, 0.356, 0.747], [4922.2, 4986.1, 5094.1, 5430.2, 5836.1, 5836.1, 5864.1, 7137.2, 7272.1, 7348.1, 7582.1]]"
!Richard Dunne,"[8.539, 10, [0.97, 0.456, 0.486, 0.757, 1.106, 0.06, 1.654, 0.763, 0.999, 1.288], [5002.2, 5072.2, 5650.1, 6271.2, 6405.1, 6434.1, 7078.2, 7169.1, 7524.1, 8684.2]]"
Danny Graham,"[11.232000000000001, 18, [0.977, 0.176, 0.153, 0.842, 0.006, 0.002, 0.697, 1.112, 1.135, 0.763, 0.046, -0.271, 1.887, 0.058, 0.816, 0.997, 0.757, 1.079], [5080.1, 7534.1, 7539.2, 7550.2, 7561.1, 7611.1, 7645.1, 7675.1, 7702.2, 7713.1, 7713.1, 7817.1, 7843.1, 7863.1, 8037.2, 8047.1, 8376.2, 8958.2]]"
Richard Dunne,"[8.984, 11, [0.673, 0.265, 0.763, 0.97, 1.298, 0.763, 0.461, 0.697, 0.808, 0.697, 1.589], [5108.2, 5138.1, 5439.1, 5469.2, 5546.1, 5665.1, 6373.1, 6782.1, 6784.1, 6847.1, 7560.2]]"
Steven Davis,"[11.828, 17, [1.358, 0.25, 0.005, 1.298, 0.998, 1.268, 0.443, 0.0, 1.022, 0.789, 0.81, 0.727, 1.346, 0.0, 0.757, 0.757, 0.0], [5131.2, 5187.1, 5259.1, 5313.1, 5387.2, 7854.2, 8099.1, 8332.1, 8472.1, 9059.2, 9095.1, 9352.2, 9352.2, 9361.1, 9789.2, 9839.2, 9873.1]]"
Mathieu Flamini,"[5.334, 10, [0.0, 0.917, 1.482, 0.0, 0.964, 0.707, 0.293, 0.108, 0.853, 0.01], [5176.1, 5684.1, 5732.2, 5746.1, 6073.2, 6085.2, 6177.1, 8348.2, 8533.1, 8886.1]]"
Nigel Reo-Coker,"[9.777999999999997, 10, [1.106, 0.842, 2.001, 0.797, 0.964, 1.422, 0.673, 0.641, 0.479, 0.853], [5194.1, 5415.2, 5489.2, 5541.1, 5552.2, 5744.1, 6365.2, 7626.2, 7677.1, 7825.1]]"
Jimmy Bullard,"[14.424999999999999, 15, [2.001, 0.533, 0.673, 0.763, 0.999, 0.858, 1.862, 0.993, 0.809, 0.858, 0.525, 1.025, 0.97, 0.809, 0.747], [5230.2, 5309.1, 5521.2, 5532.1, 5582.1, 5586.1, 6194.1, 6226.2, 6479.1, 6498.1, 6827.1, 6827.1, 6839.2, 6992.1, 7017.1]]"
Liam Ridgewell,"[10.752999999999998, 16, [0.262, 0.764, 0.841, 0.308, 0.265, 0.673, 0.943, 0.858, 0.999, 0.936, 1.01, 0.858, 1.004, 0.757, 0.01, 0.265], [5292.2, 5367.2, 5367.2, 5532.2, 5558.1, 5603.2, 6044.1, 6793.1, 6927.1, 7031.1, 7091.2, 7167.1, 7187.1, 7382.2, 7783.1, 8271.1]]"
Abdoulaye Diagne-Faye,"[6.333000000000001, 10, [0.747, 0.692, 0.809, 0.04, 1.003, 0.673, 0.81, 0.81, 0.468, 0.281], [5324.1, 5697.1, 5767.1, 6209.1, 6482.2, 6522.2, 6640.1, 6747.1, 6903.1, 7094.2]]"
James Collins,"[10.751, 11, [0.837, 0.757, 1.078, 1.845, 0.92, 0.763, 0.258, 1.697, 0.92, 0.919, 0.757], [5360.2, 5511.2, 6784.1, 7199.1, 7304.2, 7402.1, 7766.1, 8480.1, 9370.2, 9693.2, 9937.2]]"
Michael Essien,"[10.818, 17, [0.697, 0.04, 1.025, 0.892, 1.084, 0.747, 0.771, 0.638, 1.059, 0.964, 0.747, 0.096, 0.465, 0.135, 0.673, 0.014, 0.771], [5467.1, 5527.1, 5732.1, 5933.2, 5955.1, 6045.1, 6137.1, 6246.2, 6286.1, 6287.2, 6614.1, 6795.1, 6826.1, 6826.1, 7123.2, 7123.2, 7200.1]]"
Abou Diaby,"[7.313, 14, [0.0, 0.757, 0.692, 0.647, 1.192, 0.088, 0.747, 0.443, 0.461, 0.018, 0.0, 1.422, 0.03, 0.816], [5495.1, 5854.2, 6004.1, 6505.2, 6618.2, 6697.1, 6723.1, 6723.1, 6783.1, 6874.1, 6891.1, 6953.1, 7097.1, 7403.2]]"
Park Ji-Sung,"[11.82, 19, [0.265, 0.697, 0.763, 0.697, 0.135, 0.174, 0.676, 0.816, 0.615, 0.175, 1.08, 0.0, 0.917, 1.995, 0.443, 0.917, 0.763, 0.0, 0.692], [5513.1, 5789.1, 5826.1, 5858.1, 5858.1, 5870.1, 6218.2, 6371.2, 6668.2, 6934.2, 7008.1, 7084.1, 7192.1, 7192.1, 7231.1, 7255.1, 7461.1, 7492.1, 7639.1]]"
Dave Kitson,"[12.066, 15, [0.491, 1.059, 0.085, 0.771, 0.693, 1.059, 1.059, 0.837, 1.065, 1.641, 0.06, 0.553, 0.917, 1.079, 0.697], [5572.1, 5924.1, 5998.2, 6008.1, 6018.2, 6048.1, 6089.1, 6133.2, 6141.2, 6141.2, 6228.1, 6319.2, 6737.1, 6755.2, 7048.1]]"
Leroy Lita,"[4.78, 10, [1.063, 0.892, 0.0, 0.0, 0.065, 1.482, 0.108, 0.0, 0.443, 0.727], [5572.1, 5758.2, 5771.2, 5781.1, 5807.1, 5819.2, 5819.2, 6319.2, 7510.1, 7597.2]]"
Marlon King,"[9.136, 12, [1.207, 0.763, 0.263, 0.853, 0.716, 0.93, 0.615, 0.084, 0.995, 1.646, 0.999, 0.065], [5578.1, 5635.1, 5930.2, 5946.1, 6248.2, 6360.2, 6360.2, 6409.2, 6468.2, 6480.1, 6611.1, 6638.1]]"
Phil Jagielka,"[14.936000000000002, 18, [1.995, 0.806, 1.106, 0.332, 1.207, 0.762, 0.808, 0.817, 0.265, 0.581, 0.999, 0.747, 0.747, 0.0, 0.842, 1.228, 1.002, 0.692], [5630.1, 5778.2, 5830.1, 5897.1, 6199.1, 7369.2, 7509.1, 7576.1, 8027.1, 8161.2, 8661.2, 8680.1, 8908.1, 8946.2, 9671.2, 9679.1, 9688.1, 10449.1]]"
Nemanja Vidic,"[10.840000000000002, 15, [0.864, 0.059, 0.647, 1.654, 0.107, 1.998, 0.939, 0.155, 0.441, 0.919, 0.81, 1.011, 0.397, 0.443, 0.396], [5643.2, 5670.1, 5823.2, 5996.2, 6428.1, 6481.1, 6531.1, 6547.2, 6868.1, 7118.2, 7181.1, 7207.2, 7322.1, 7442.1, 8064.1]]"
Michael Ballack,"[13.42, 17, [0.378, 0.647, 0.995, 0.868, 0.083, 1.846, 1.192, 0.81, 0.153, 0.939, 1.862, 1.145, 0.858, 0.86, 0.406, 0.378, 0.0], [5648.1, 5662.2, 5707.2, 5742.2, 5857.1, 6127.1, 6148.2, 6181.1, 6222.2, 6298.1, 6298.1, 6316.2, 6636.1, 6717.2, 6735.1, 6759.1, 6907.1]]"
Michael Dawson,"[8.479999999999999, 11, [0.74, 0.892, 0.135, 0.92, 0.553, 0.789, 0.843, 0.858, 1.106, 0.952, 0.692], [5674.1, 6083.2, 6546.1, 6836.2, 6854.2, 7347.2, 8048.1, 8944.1, 9471.1, 9490.1, 9550.1]]"
Steven Taylor,"[8.501999999999999, 12, [0.653, 1.465, 0.936, 0.244, 0.717, 0.756, 0.843, 0.441, 1.003, 0.747, 0.0, 0.697], [5724.2, 5884.2, 6095.1, 6391.2, 6570.2, 6609.2, 6685.1, 7439.1, 7453.2, 7462.1, 8587.1, 8801.1]]"
Tom Huddlestone,"[8.269, 12, [0.679, 0.43, -0.002, 1.137, 0.332, 0.858, 1.192, 0.533, 0.004, 0.816, 0.868, 1.422], [5743.2, 6132.1, 6132.1, 6246.1, 6817.1, 7069.1, 7160.2, 7413.1, 8409.1, 8486.2, 8532.2, 9620.1]]"
Stephen Ireland,"[17.011000000000003, 19, [1.482, 1.298, 1.995, 0.936, 0.692, 0.995, 0.747, 1.01, 0.756, 0.906, 0.939, 0.0, 0.771, 0.615, 0.0, 1.465, 0.677, 0.679, 1.048], [5761.2, 6063.1, 6079.1, 6242.1, 6299.1, 6355.2, 6392.1, 6405.2, 6455.2, 6455.2, 6459.1, 6508.1, 6645.1, 6657.2, 6708.2, 6828.2, 7649.2, 8335.2, 8371.1]]"
Matt Derbyshire,"[8.862000000000002, 10, [0.553, 0.0, 0.897, 0.004, 1.112, 1.465, 1.004, 1.868, 1.697, 0.262], [5782.2, 5798.2, 5870.2, 5915.1, 5937.1, 5951.2, 6167.1, 6221.2, 6366.1, 6473.2]]"
Tomas Rosicky,"[8.918000000000001, 19, [1.646, 0.808, 0.697, 0.083, 0.265, 0.176, 0.001, 0.0, 0.014, 0.0, 0.997, 0.491, 1.063, 0.816, 0.647, 0.113, 0.673, 0.368, 0.06], [5832.1, 5892.1, 5900.1, 5991.1, 6034.1, 6074.1, 6104.2, 6138.2, 6168.2, 6745.2, 6904.1, 6916.1, 7723.1, 8156.2, 8156.2, 8485.1, 8517.2, 8777.1, 8873.1]]"
Christopher Samba,"[12.055000000000003, 16, [1.002, 0.692, 2.001, 0.86, 0.93, 0.939, 0.74, 0.763, 0.13, 1.252, 0.771, 0.0, 0.314, 0.454, 0.707, 0.5], [5856.1, 5902.1, 6053.2, 6164.2, 6382.2, 6447.1, 6764.1, 6914.1, 6994.2, 7073.1, 7128.1, 7231.2, 7337.2, 7376.1, 7540.2, 7559.2]]"
Shaun Maloney,"[12.848, 15, [0.456, 1.995, 0.92, 0.741, 0.676, 0.897, 1.002, 0.129, 0.67, 0.86, 0.977, 0.255, 0.999, 0.789, 1.482], [5918.2, 5975.1, 6111.2, 6127.2, 6127.2, 7759.2, 7794.1, 7819.1, 7872.1, 8010.2, 8094.1, 8097.2, 8160.2, 8215.2, 9382.2]]"
Geovanni,"[8.069, 14, [0.108, 0.81, 0.673, 0.74, 0.864, 0.757, 0.553, 0.045, 0.959, 0.692, 0.282, 0.673, 0.581, 0.332], [5953.2, 5973.1, 6091.2, 6330.1, 6376.2, 6394.2, 6409.2, 6428.2, 6455.1, 6609.1, 6659.1, 6739.2, 6766.2, 6775.1]]"
Younes Kaboul,"[7.592, 12, [0.741, 1.059, 0.263, 0.81, 0.225, 0.74, 0.999, 1.575, 0.026, 0.397, 0.0, 0.757], [5985.2, 6023.1, 6198.2, 6639.1, 6723.2, 6746.1, 6863.2, 7217.2, 7494.1, 8568.1, 9556.1, 9587.2]]"
Ryan Babel,"[8.331, 17, [0.43, 0.084, 0.0, 0.553, 1.491, 0.607, 0.014, 0.0, 0.0, 0.479, 0.0, 0.461, 0.673, 0.952, 0.727, 0.332, 1.528], [5986.1, 6081.2, 6092.1, 6223.2, 6358.1, 6520.2, 6682.2, 6766.1, 6766.1, 6997.1, 7062.2, 7245.1, 10396.2, 10431.1, 10455.2, 10460.1, 10480.1]]"
Martin Petrov,"[10.787, 16, [0.756, 0.714, 0.8, 0.697, 0.465, 0.964, 0.868, 0.378, 0.771, 1.252, 0.008, 0.258, 0.365, 0.864, 0.864, 0.763], [6005.2, 6005.2, 6017.1, 6079.1, 6295.1, 6772.1, 6791.2, 6801.1, 6887.1, 7144.1, 7190.1, 7228.1, 7508.1, 7772.2, 7812.2, 7829.1]]"
Elano,"[7.1499999999999995, 14, [0.065, 0.468, 0.058, 0.858, 0.93, 0.255, 1.482, 0.0, 0.864, 0.332, 0.018, 0.763, 0.947, 0.11], [6017.1, 6031.1, 6031.1, 6039.1, 6155.2, 6257.2, 6282.2, 6321.2, 6334.2, 6344.1, 6344.1, 6599.1, 6651.1, 6667.1]]"
Afonso Alves,"[7.472, 10, [0.808, 1.08, 0.91, 0.463, 0.02, 0.0, 0.858, 1.357, 1.059, 0.917], [6275.1, 6275.1, 6300.2, 6321.1, 6321.1, 6321.1, 6351.1, 6406.2, 6424.1, 6528.1]]"
Johan Elmander,"[8.018, 19, [0.11, 0.385, 0.666, 0.338, 0.816, 0.238, 0.13, 0.692, 0.498, 0.323, 0.789, 1.197, 0.892, 0.553, 0.111, -0.002, 0.06, 0.218, 0.004], [6328.1, 6460.2, 6469.2, 6469.2, 6486.2, 6814.2, 6853.2, 6989.1, 7102.2, 7102.2, 7117.2, 7151.2, 7173.2, 7214.2, 7220.1, 7220.1, 7261.1, 7386.2, 8512.2]]"
Amr Zaki,"[6.408000000000001, 10, [0.262, 0.1, 0.0, 1.004, 0.964, 0.897, 0.929, 0.995, 0.293, 0.964], [6333.2, 6350.2, 6350.2, 6363.1, 6385.1, 6400.2, 6400.2, 6430.2, 6514.1, 6517.2]]"
Brede Hangeland,"[7.0009999999999994, 10, [0.763, 1.08, 0.977, 0.999, 0.058, 0.058, 0.673, 0.647, 0.93, 0.816], [6338.1, 7033.1, 7104.1, 7191.1, 7288.1, 7425.1, 7452.2, 7452.2, 8607.2, 8691.2]]"
Robinho,"[7.021, 14, [0.697, 0.083, 0.741, 0.697, 0.406, 0.04, 0.747, 0.378, 0.103, 0.036, 1.003, 0.692, 0.93, 0.468], [6359.1, 6373.1, 6405.2, 6411.1, 6411.1, 6411.1, 6445.1, 6459.1, 6508.1, 6508.1, 6516.2, 6651.1, 6657.2, 6667.1]]"
Vincent Kompany,"[9.714, 18, [0.707, 0.43, 0.0, 0.096, 0.93, 0.939, 0.083, 0.676, 0.808, 0.0, 0.406, 0.155, 0.265, 1.079, 0.406, 0.673, 0.763, 1.298], [6385.2, 6935.1, 7026.2, 7538.1, 7594.2, 7822.1, 8145.1, 8388.2, 8402.1, 8456.2, 8601.1, 8996.2, 9005.1, 9691.2, 9724.1, 9746.2, 10073.1, 10493.1]]"
Fraizer Campbell,"[10.993, 18, [0.085, 0.67, 0.065, 0.842, 0.763, 0.763, 0.007, 1.491, 0.065, 0.808, 0.378, 0.0, 1.003, 1.056, 1.059, 0.067, 0.952, 0.919], [6449.2, 6986.1, 7004.1, 7010.2, 7049.1, 7696.1, 8008.2, 8245.1, 8245.1, 8344.1, 8408.1, 8440.2, 8518.1, 8653.2, 8659.1, 8679.1, 8852.1, 9510.2]]"
Emmerson Boyce,"[8.093, 11, [1.862, 0.385, 0.697, 0.741, 1.145, 0.722, 0.246, 0.218, 0.615, 0.756, 0.706], [6470.1, 6794.2, 6822.1, 6862.2, 7806.2, 7846.1, 7846.1, 7920.2, 8036.2, 8189.1, 8226.1]]"
Luka Modric,"[9.015, 13, [0.677, 1.002, 0.653, 0.697, 0.479, 0.653, 0.897, 0.461, 0.553, 0.692, 0.853, 0.468, 0.93], [6502.2, 6621.1, 6660.2, 6897.1, 6979.1, 7080.2, 7122.2, 7400.1, 7454.2, 7515.1, 7672.1, 7690.1, 7825.2]]"
Dan Gosling,"[11.893, 18, [0.01, 0.0, 0.553, 1.491, 0.0, 0.92, 0.641, 0.692, 0.0, 0.697, 0.809, 0.977, 0.93, 0.716, 1.654, 0.81, 0.0, 0.993], [6518.1, 6657.1, 6821.2, 6962.1, 7577.2, 9052.2, 9112.2, 9198.1, 9438.1, 9468.1, 9937.1, 10018.1, 10457.2, 10484.2, 10669.2, 10688.1, 10819.1, 11641.2]]"
Marc-Antoine Fortuné,"[5.912999999999999, 11, [0.396, 0.113, 0.254, 0.692, 0.321, 1.002, 0.979, 1.059, 0.332, 0.008, 0.757], [6540.1, 6570.1, 6570.1, 6681.1, 6681.1, 7171.1, 7324.1, 7702.1, 7783.1, 7970.2, 8187.2]]"
David Nugent,"[9.463999999999999, 14, [1.145, 0.004, 1.207, 1.252, 0.065, 0.936, 0.697, 0.868, 0.853, 0.562, 0.255, 0.864, 0.04, 0.716], [6541.2, 6557.2, 6568.1, 6756.1, 6756.1, 6884.1, 6940.1, 6980.2, 6987.1, 8654.1, 8799.2, 8864.2, 8901.2, 8922.2]]"
Ryan Shawcross,"[9.329, 14, [0.03, 0.281, 1.697, 0.747, 1.004, 0.43, 0.562, 0.13, 0.763, 1.106, 0.97, 0.67, 0.939, 0.0], [6590.2, 6608.2, 6620.1, 6713.1, 6862.1, 7424.1, 7579.1, 7710.2, 8079.1, 8244.1, 8623.2, 8804.1, 9562.1, 9905.2]]"
David N'Gog,"[7.641000000000001, 12, [1.059, 0.0, 0.0, 0.002, 0.697, 0.692, 0.479, 1.002, 0.697, 0.929, 0.892, 1.192], [6594.1, 6637.1, 6722.1, 6800.1, 6823.1, 6872.1, 7053.1, 7095.1, 7245.1, 7542.2, 7664.2, 7812.2]]"
Ben Watson,"[10.476999999999999, 12, [0.741, 1.697, 0.258, 0.747, 0.906, 0.465, 0.763, 0.789, 1.01, 1.145, 1.059, 0.897], [6612.2, 6625.1, 7052.1, 7276.1, 7324.2, 7337.1, 7472.1, 7575.2, 7652.2, 7941.2, 9182.1, 9316.2]]"
James Tomkins,"[7.219000000000001, 14, [0.396, 0.003, 0.001, 0.929, 0.692, 0.246, 0.463, 0.046, 0.842, 0.465, 0.814, 0.998, 0.368, 0.956], [6633.1, 7251.1, 7931.2, 8742.2, 9408.1, 9495.2, 9498.1, 9939.1, 10049.2, 10078.1, 10351.2, 10704.2, 11422.1, 11869.1]]"
Thomas Vermaelen,"[9.048000000000002, 13, [0.68, 0.763, 0.406, 0.706, 1.05, 0.04, 0.0, 0.463, 1.025, 0.641, 1.995, 0.757, 0.522], [6711.2, 6753.1, 6753.1, 6778.1, 6916.1, 6934.1, 6976.2, 7566.1, 7586.1, 7602.2, 7745.1, 7752.2, 7801.1]]"
Scott Sinclair,"[8.796999999999999, 13, [0.03, 0.697, 0.692, 0.378, 1.129, 1.025, 0.706, 0.858, 0.757, 0.0, 0.747, 0.756, 1.022], [6775.2, 7510.1, 7534.1, 7561.1, 7611.1, 7653.1, 7675.1, 7689.1, 7805.2, 7850.2, 8857.1, 9017.1, 9017.1]]"
Steven Nzonzi,"[6.1930000000000005, 11, [0.673, 0.956, 1.079, 0.443, 0.255, 0.67, 0.176, 0.717, 0.756, 0.468, 0.0], [6778.2, 7045.1, 7098.2, 7707.1, 7757.2, 8213.1, 8342.1, 8526.2, 8740.2, 8962.1, 8986.1]]"
Franco Di Santo,"[11.601, 14, [1.003, 0.0, 0.917, 0.332, 0.93, 2.001, 0.757, 0.041, 0.756, 1.079, 1.048, 1.003, 0.92, 0.814], [6790.1, 7419.2, 7491.1, 7491.1, 7509.2, 7592.2, 7801.2, 7819.1, 7846.1, 7862.2, 7872.1, 7911.1, 8057.2, 8079.2]]"
Sylvan Ebanks-Blake,"[7.4879999999999995, 10, [1.025, 1.025, 0.92, 0.917, 0.892, 1.845, 0.018, 0.0, 0.046, 0.8], [6798.1, 7060.1, 7099.2, 7112.1, 7192.2, 7234.1, 7359.1, 7359.1, 7388.2, 7627.1]]"
Frédéric Piquionne,"[9.306000000000001, 11, [0.43, 0.86, 0.176, 0.81, 0.842, 0.771, 0.853, 0.998, 1.048, 0.929, 1.589], [6809.1, 6871.2, 6879.1, 6963.1, 6974.2, 7143.1, 7152.1, 7187.2, 7204.1, 7262.2, 7311.2]]"
Martin Skrtel,"[11.078, 16, [1.002, 0.964, 0.998, 0.396, 0.797, 0.81, 0.692, 0.479, 0.673, 0.67, 0.356, 0.723, 1.02, 0.479, 0.997, 0.022], [6828.1, 7236.2, 7390.2, 7489.1, 7622.2, 7865.1, 8016.1, 8330.1, 8413.2, 8470.1, 8470.1, 8518.2, 8518.2, 8559.1, 8774.1, 9109.2]]"
Jordi Gómez,"[13.892, 14, [0.046, 1.207, 0.843, 0.789, 1.135, 1.019, 0.602, 0.936, 1.252, 1.994, 1.465, 0.763, 0.763, 1.078], [6852.1, 7153.1, 7583.1, 7592.2, 7612.2, 7620.1, 7801.2, 7971.1, 7971.1, 7971.1, 8706.2, 8762.1, 8950.1, 8950.1]]"
James McCarthy,"[9.788, 13, [1.145, 0.258, 0.808, 0.389, 0.747, 1.004, 1.078, 0.757, 0.747, 0.67, 0.995, 0.747, 0.443], [6912.2, 7319.1, 7337.1, 7337.1, 8001.1, 8001.1, 8205.1, 8599.2, 8893.1, 8943.1, 9305.2, 9359.1, 9599.1]]"
Mohamed Diamé,"[15.577, 18, [0.816, 1.079, 0.454, 0.8, 0.97, 0.763, 1.862, 1.078, 1.002, 0.757, 0.002, 0.647, 1.106, 0.498, 1.129, 0.716, 1.056, 0.842], [6945.2, 7419.2, 7523.1, 7542.1, 7778.2, 7910.1, 7993.1, 8173.1, 8352.1, 8419.2, 8480.1, 8542.2, 8646.1, 8649.2, 8668.1, 8677.2, 9936.2, 10001.2]]"
Jack Rodwell,"[4.955, 10, [0.065, 0.0, 0.0, 0.244, 0.809, 0.96, 0.809, 0.218, 0.92, 0.93], [6962.1, 6983.1, 7553.2, 7571.2, 8219.1, 8219.1, 8624.1, 8800.2, 8876.2, 9364.2]]"
Maxi Rodríguez,"[8.202, 15, [0.065, 1.868, 0.129, 0.096, 0.692, 0.059, 0.004, 0.692, 0.673, 0.602, 0.117, 0.93, 0.853, 0.741, 0.681], [7062.2, 7184.2, 7221.1, 7245.1, 7417.1, 7417.1, 7417.1, 7434.1, 7445.2, 7445.2, 7445.2, 7584.2, 7638.1, 7791.2, 7791.2]]"
Scott Dann,"[14.503, 16, [0.13, 1.843, 0.952, 0.647, 0.003, 0.615, 1.422, 1.589, 1.482, 0.771, 0.868, 0.999, 0.465, 0.998, 1.022, 0.697], [7091.2, 7287.2, 7616.1, 8562.2, 8780.1, 8872.2, 9007.1, 9106.2, 9136.2, 9218.1, 9233.2, 9388.1, 9408.1, 9588.2, 9898.1, 10960.1]]"
Marouane Chamakh,"[8.693, 15, [0.0, 1.08, 1.048, 0.673, 0.0, 0.479, 0.535, 0.045, 0.93, 0.917, 0.378, 0.677, 0.348, 0.454, 1.129], [7097.1, 7117.1, 7157.1, 7206.2, 7206.2, 7217.1, 7227.2, 7507.2, 8244.2, 8357.1, 8367.1, 8378.2, 8469.1, 8619.1, 8980.1]]"
Mousa Dembélé,"[9.592, 12, [0.797, 1.995, 0.113, 0.108, 0.964, 1.298, 0.368, 0.814, 0.638, 0.67, 1.08, 0.747], [7119.1, 7119.1, 7445.1, 7563.2, 7830.1, 7869.1, 8416.1, 8849.2, 9083.2, 9096.1, 9203.1, 9694.1]]"
DJ Campbell,"[9.202, 14, [0.108, 1.01, 0.998, 0.998, 0.108, 0.956, 1.252, 0.441, 0.441, 0.011, 0.808, 0.843, 1.228, 0.0], [7121.2, 7199.2, 7250.2, 7270.2, 7270.2, 7287.1, 7297.1, 7318.1, 7353.1, 7406.1, 7415.1, 7448.1, 7448.1, 7511.2]]"
Asamoah Gyan,"[7.016999999999999, 10, [1.288, 0.692, 0.06, 0.892, 0.615, 0.002, 0.999, 0.919, 0.697, 0.853], [7124.2, 7193.1, 7193.1, 7198.2, 7215.2, 7281.1, 7306.1, 7335.2, 7347.1, 7419.1]]"
Hatem Ben Arfa,"[11.932, 13, [0.964, 1.288, 0.014, 0.741, 0.797, 1.422, 1.491, 0.936, 0.86, 0.716, 1.887, 0.816, 0.0], [7129.2, 7636.2, 7679.2, 7745.2, 7764.2, 7789.1, 7849.1, 7874.1, 8005.2, 8212.2, 8251.1, 8257.2, 8387.2]]"
Matt Phillips,"[7.784000000000001, 12, [1.025, 0.004, 0.757, 0.853, 1.346, 0.67, 0.006, 0.789, 0.005, 0.897, 0.964, 0.468], [7139.1, 8888.2, 8916.2, 8968.1, 9472.2, 9486.1, 9505.1, 9554.2, 9846.1, 10102.2, 11102.2, 11195.1]]"
Youssouf Mulumbu,"[8.749, 12, [0.706, 0.085, 0.006, 0.998, 0.71, 1.646, 0.692, 0.692, 0.174, 1.0, 0.451, 1.589], [7171.1, 7186.2, 7229.2, 7365.2, 7399.2, 7430.1, 7450.1, 7593.1, 7909.1, 8224.1, 8453.2, 8515.2]]"
Ciaran Clark,"[9.584, 15, [0.392, 0.254, 0.992, 0.81, 0.842, 0.706, 0.897, 0.293, 0.255, 0.0, 0.679, 0.756, 0.816, 1.078, 0.814], [7227.1, 7227.1, 7285.2, 7828.1, 7874.2, 8754.1, 9337.2, 9773.1, 9882.2, 10172.1, 10249.2, 10340.2, 10616.2, 10622.1, 11010.2]]"
Tom Cleverley,"[9.972000000000001, 14, [0.0, 0.681, 0.74, 0.065, 0.461, 0.175, 0.218, 0.397, 0.81, 2.0, 0.692, 1.995, 1.346, 0.392], [7233.2, 7265.2, 7382.1, 7913.2, 8008.1, 8384.2, 8936.2, 8946.1, 8956.1, 9162.2, 9334.1, 9826.1, 10341.2, 10555.1]]"
Leon Best,"[5.768999999999999, 10, [0.747, 0.463, 0.02, 0.1, 0.647, 0.763, 1.002, 0.332, 0.837, 0.858], [7295.1, 7295.1, 7295.1, 7334.1, 7351.2, 7369.1, 7493.1, 7493.1, 7506.2, 7674.1]]"
Junior Hoilett,"[10.833000000000002, 16, [0.406, 0.814, 0.997, 0.824, 0.193, 0.225, 0.995, 0.764, 0.964, 0.498, 1.129, 0.406, 0.454, 1.491, 0.003, 0.67], [7316.1, 7367.2, 7376.1, 7395.1, 7466.2, 7520.2, 7559.2, 7583.2, 7741.2, 7741.2, 7751.1, 7804.1, 7961.1, 10258.1, 10295.2, 10418.1]]"
Ramires,"[6.276000000000001, 17, [0.01, 0.002, 0.463, 0.018, 0.058, 1.079, 0.077, 1.009, 0.0, 0.0, 0.763, 1.002, 0.964, -0.292, 0.323, 0.13, 0.67], [7317.2, 7383.1, 7517.1, 7517.1, 7536.1, 7660.2, 7836.2, 7932.1, 8024.1, 8024.1, 8097.1, 8206.1, 8378.1, 8628.2, 8945.2, 9050.2, 9087.1]]"
Aleksandar Kolarov,"[5.665, 11, [0.906, 0.332, 1.024, 0.67, 0.44, 0.332, 0.468, 1.145, 0.348, 0.0, 0.0], [7325.2, 7558.1, 7769.1, 7907.1, 8425.2, 8936.1, 8964.1, 9013.2, 9121.1, 9292.2, 9511.2]]"
David Luiz,"[8.223, 14, [0.853, 1.528, 0.111, 1.002, 0.479, 0.897, 0.842, 0.046, 0.265, 0.0, 0.396, 0.692, 0.356, 0.756], [7363.1, 7383.1, 7704.1, 7717.1, 8024.1, 8171.2, 9595.2, 9749.1, 10281.1, 10370.1, 10490.1, 10577.1, 10597.1, 11141.2]]"
Wes Hoolahan,"[8.32, 12, [0.789, 0.858, 0.692, 0.581, 1.106, 0.81, 0.897, 0.673, 0.396, 0.797, 0.353, 0.368], [7472.2, 7610.1, 7743.1, 7827.2, 8010.1, 8085.1, 8140.2, 8500.2, 9031.1, 9140.1, 9210.1, 9241.1]]"
Anthony Pilkington,"[10.42, 14, [0.93, 0.67, 0.397, 0.842, 0.789, 0.176, 1.056, 0.741, 1.129, 0.463, 0.697, 0.677, 0.897, 0.956], [7508.2, 7539.1, 7539.1, 7567.2, 7659.2, 7699.1, 7713.2, 7790.2, 7960.1, 7994.1, 8010.1, 8039.1, 8219.2, 8293.1]]"
Nathan Dyer,"[11.075999999999999, 18, [0.111, 0.673, 1.08, 0.441, 0.07, 0.1, 0.01, 0.92, 0.647, 1.004, 0.939, 0.741, 0.265, 0.757, 0.763, 0.67, 0.04, 1.845], [7510.1, 7656.2, 7675.1, 7798.1, 7817.1, 7850.2, 7850.2, 7950.2, 8275.2, 8335.1, 8365.1, 8385.2, 8474.1, 8604.2, 8622.1, 8632.1, 8632.1, 9034.1]]"
Chris Smalling,"[8.207, 12, [0.692, 0.306, 0.747, 0.692, 1.043, -0.002, 0.763, 1.043, 0.281, 1.065, 0.897, 0.68], [7513.1, 8401.2, 8729.1, 8853.1, 8853.1, 8924.1, 9421.1, 9864.1, 10029.2, 10073.2, 10088.2, 10175.2]]"
Steve Morison,"[6.524, 10, [0.406, 0.853, 0.186, 0.747, 0.004, 0.397, 1.589, 1.465, 0.851, 0.026], [7525.1, 7559.1, 7567.2, 7578.1, 7598.2, 7610.1, 7659.2, 7673.2, 7827.2, 7900.1]]"
Joe Allen,"[12.201999999999998, 16, [0.653, 1.002, 0.031, 0.486, 0.816, 0.332, 1.024, 0.81, 1.422, 0.97, 0.692, 0.43, 0.43, 1.298, 0.747, 1.059], [7550.2, 7561.1, 7747.2, 7817.1, 8593.2, 8926.1, 9191.1, 9350.1, 9423.1, 9431.2, 9445.1, 9445.1, 9532.1, 9613.1, 9934.1, 9984.1]]"
Connor Wickham,"[13.204000000000002, 19, [0.8, 0.92, 1.589, 0.716, 0.771, 0.0, 0.67, 0.747, 0.747, 0.0, 0.673, 0.995, 0.077, 0.186, 0.864, 1.268, 0.255, 0.956, 0.97], [7560.1, 8563.2, 8563.2, 8566.2, 8582.1, 8582.1, 8671.1, 8746.1, 8833.1, 8919.1, 8940.2, 9152.2, 9251.2, 9251.2, 9259.2, 9259.2, 9469.2, 9477.1, 10713.2]]"
Gareth McAuley,"[12.479000000000001, 15, [0.906, 1.697, 0.176, 1.654, 1.048, 0.999, 0.176, 0.0, 1.004, 0.692, 0.085, 0.93, 1.106, 1.003, 1.003], [7632.2, 7731.1, 7870.1, 8106.2, 8199.1, 8259.2, 8323.1, 8977.2, 9153.1, 9385.1, 9453.2, 9490.2, 9565.1, 9616.2, 9626.1]]"
Wayne Routledge,"[9.113999999999999, 16, [0.647, 0.824, 0.979, 0.465, 0.129, 0.692, 1.002, 0.04, 0.443, 1.048, 0.176, 0.727, 0.842, 0.4, 0.003, 0.697], [7656.2, 7868.1, 7908.1, 7983.1, 7983.1, 8047.1, 8474.1, 8538.1, 8632.1, 8672.1, 8741.1, 9260.2, 9349.2, 9462.2, 9521.2, 9672.1]]"
James McClean,"[7.998, 11, [0.615, 1.145, 1.298, 0.332, 1.078, 0.67, 0.04, 0.8, 1.01, 0.113, 0.897], [7663.2, 7701.2, 7712.1, 7762.1, 7816.1, 8006.1, 8062.1, 9134.1, 9190.2, 9416.1, 9966.2]]"
Pavel Pogrebnyak,"[8.581999999999999, 11, [0.747, 0.757, 0.858, 0.441, 0.018, 0.936, 0.707, 0.93, 0.67, 0.673, 1.845], [7710.1, 7720.2, 7733.1, 7733.1, 7733.1, 7806.1, 7857.2, 7908.2, 8040.1, 8048.2, 8060.1]]"
Andreas Weimann,"[14.953999999999999, 17, [1.998, 0.81, 0.939, 0.406, 0.68, 0.789, 0.892, 1.08, 1.002, 1.202, 0.842, 0.677, 1.022, 0.407, 0.998, 0.463, 0.747], [7736.1, 7786.1, 7947.1, 7947.1, 8007.2, 8047.2, 8108.2, 8133.1, 8193.1, 8277.1, 8439.2, 8453.1, 8584.1, 8584.1, 8611.2, 8634.1, 8704.1]]"
Jonny Evans,"[11.714999999999998, 14, [0.842, 0.757, 0.953, 0.74, 1.995, 0.747, 0.93, 0.443, 0.67, 0.953, 0.607, 0.479, 0.892, 0.707], [7750.2, 7913.2, 7968.1, 8029.1, 9183.1, 9505.1, 9745.2, 9815.1, 9976.1, 10393.1, 10657.2, 11202.1, 11224.2, 11405.2]]"
Adam Le Fondre,"[8.911000000000001, 12, [1.019, 0.853, 1.491, -0.028, 0.026, 0.977, 0.92, 1.465, 0.067, 0.997, 0.414, 0.71], [7851.1, 7962.1, 7962.1, 7991.1, 8015.1, 8060.1, 8068.2, 8068.2, 8086.1, 8086.1, 8194.2, 8225.2]]"
Arouna Koné,"[10.574000000000002, 17, [0.108, 0.0, 0.692, 0.491, 0.085, 0.155, 0.964, 0.66, 1.862, 1.697, 0.756, 0.673, 0.977, 0.91, 0.468, 0.076, 0.0], [7862.2, 7891.1, 7911.1, 7952.1, 8027.2, 8036.2, 8112.2, 8112.2, 8142.1, 8150.1, 8199.2, 8790.2, 8989.1, 9056.2, 9094.1, 9094.1, 9094.1]]"
Lukas Podolski,"[11.984000000000002, 19, [0.93, 0.468, 0.443, 1.022, 0.741, 1.05, 0.74, 1.528, 0.006, 0.697, 0.348, 0.676, 0.084, 0.385, 0.952, 0.817, 0.246, 0.676, 0.175], [7873.2, 7876.1, 7946.1, 7956.1, 8015.2, 8035.1, 8076.1, 8087.1, 8163.1, 8215.1, 8215.1, 8240.2, 8240.2, 8406.2, 8528.1, 8561.1, 8561.1, 8571.2, 8571.2]]"
Morgan Schneiderlin,"[10.812000000000003, 13, [1.078, 1.207, 1.589, 0.673, 0.692, 0.747, 0.67, 0.789, 1.268, 0.0, 0.842, 0.816, 0.441], [7875.1, 7950.1, 8094.2, 8115.2, 8136.1, 8332.1, 8512.1, 8633.2, 8633.2, 8641.1, 8931.2, 9069.2, 9642.1]]"
Hal Robson-Kanu,"[8.036999999999999, 14, [0.003, 1.024, 0.692, 0.004, 0.03, 0.741, 0.553, 0.919, 1.078, 0.0, 1.357, 0.939, 0.697, 0.0], [7884.1, 7929.1, 7991.1, 8118.2, 8143.2, 8194.2, 8194.2, 9554.2, 9655.1, 9704.2, 9758.2, 9882.1, 11241.1, 11260.2]]"
Steven Naismith,"[12.877999999999998, 19, [0.671, 0.757, 0.697, 0.581, 0.939, 0.952, 0.125, 0.697, 0.365, 0.906, 0.441, 0.368, 0.86, 1.004, 1.129, 0.747, 0.443, 0.174, 1.022], [7933.1, 7962.2, 7967.1, 8217.2, 8258.1, 8458.1, 8540.2, 8550.1, 8562.1, 8608.2, 8620.1, 8628.1, 8674.2, 8810.1, 8864.1, 9029.1, 9029.1, 9029.1, 9210.1]]"
Moussa Sissoko,"[11.276999999999997, 16, [0.943, 1.845, 0.808, 1.08, 0.757, 0.424, 1.528, 1.392, 0.454, 1.059, 0.176, 0.0, 0.059, 0.0, 0.706, 0.046], [8090.1, 8090.1, 8115.1, 8350.1, 8497.2, 8497.2, 8722.1, 8801.1, 8898.1, 8985.1, 9314.1, 9811.2, 10645.1, 10664.1, 11444.1, 11545.1]]"
Yoan Gouffran,"[8.73, 11, [0.707, 0.757, 0.642, 1.346, 1.298, 0.463, 0.858, 0.771, 1.048, 0.809, 0.031], [8103.2, 8179.2, 8212.2, 8257.2, 8321.1, 8341.1, 8350.1, 8382.1, 8403.1, 8820.1, 8829.2]]"
Fabio Borini,"[10.806999999999999, 16, [0.0, 1.646, 0.609, 0.816, 1.589, 0.43, 0.468, 0.454, 0.842, 0.092, 0.0, 0.977, 0.964, 0.943, 0.0, 0.977], [8186.2, 8314.1, 8442.1, 8461.2, 8566.2, 8582.1, 8596.1, 8604.1, 8817.2, 9147.2, 9161.2, 9259.1, 9315.2, 9348.1, 9543.2, 9693.1]]"
Robert Brady,"[6.914000000000001, 10, [0.763, 0.677, 0.697, 0.757, 1.059, 0.998, 0.74, 0.553, 0.0, 0.67], [8241.1, 8269.2, 8279.1, 9054.2, 9241.1, 9285.2, 9609.1, 9878.2, 10648.1, 10989.1]]"
Álvaro Negredo,"[11.73, 18, [0.0, 1.207, 0.706, 0.036, 0.0, 0.692, 1.002, 1.043, 0.0, 0.697, 0.741, 1.346, 0.747, 0.479, 0.706, 0.673, 0.797, 0.858], [8245.2, 8250.1, 8291.1, 8320.1, 8345.1, 8355.1, 8381.1, 8402.1, 8434.2, 9375.1, 9491.2, 9491.2, 9531.1, 9531.1, 9591.1, 9669.2, 9690.1, 9710.1]]"
Samuel Eto'o,"[7.98, 12, [1.252, 0.917, 0.964, 0.747, 0.441, 0.111, 1.129, 0.67, 0.697, 0.056, 0.673, 0.323], [8298.1, 8328.1, 8413.1, 8444.1, 8444.1, 8444.1, 8504.1, 8519.1, 8566.1, 8628.1, 8693.2, 8693.2]]"
André Schürrle,"[11.823, 17, [0.81, 0.757, 0.71, 1.079, 0.553, 0.084, 0.356, 0.92, 0.757, 1.357, 0.0, 0.223, 0.964, 0.817, 0.741, 1.022, 0.673], [8313.1, 8371.2, 8371.2, 8496.2, 8496.2, 8496.2, 8519.1, 8597.2, 8616.2, 8655.2, 8822.2, 10149.1, 10157.2, 10200.1, 10209.2, 10251.1, 10338.2]]"
Leroy Fer,"[12.026000000000002, 16, [0.006, 0.13, 0.108, 1.022, 1.059, 0.747, 0.816, 0.92, 1.106, 1.654, 0.13, 1.106, 0.692, 1.252, 0.348, 0.93], [8331.1, 8341.2, 8373.2, 8730.1, 8751.1, 8802.1, 8850.2, 8948.2, 8968.1, 9369.2, 9391.2, 9405.1, 9433.1, 9495.1, 9495.1, 9921.2]]"
Ashley Westwood,"[8.344000000000001, 12, [0.957, 0.741, 0.67, 0.469, 0.154, 0.757, 0.638, 1.491, 0.673, 0.864, 0.0, 0.93], [8346.2, 8535.2, 8584.1, 9326.1, 9326.1, 10423.2, 10447.2, 10729.1, 10765.2, 10924.2, 11216.2, 11229.2]]"
Matej Vydra,"[9.945, 11, [1.019, 1.019, 0.67, 0.858, 1.135, 1.059, 0.67, 0.641, 0.747, 0.92, 1.207], [8393.1, 8490.1, 8558.1, 10179.1, 10765.2, 10768.1, 11168.1, 11185.2, 11188.1, 11370.2, 11600.1]]"
Ki Sung-Yeung,"[11.3, 15, [0.842, 0.676, 0.13, 0.897, 1.528, 0.741, 0.956, 0.809, 0.716, 0.747, 0.002, 0.692, 0.175, 1.697, 0.692], [8400.2, 8429.2, 8531.2, 8609.2, 8741.1, 8768.2, 8842.1, 8863.1, 8883.2, 8911.1, 8951.1, 9165.1, 9349.2, 10014.1, 10034.1]]"
Étienne Capoue,"[6.976999999999999, 10, [0.113, 0.757, 1.059, 1.02, 0.81, 0.67, 0.707, 0.917, 0.108, 0.816], [8456.1, 9376.2, 9384.1, 9406.2, 9415.1, 9485.1, 9640.2, 9695.1, 9757.2, 10216.2]]"
Leonardo Ulloa,"[11.482999999999997, 19, [0.74, 0.74, 1.197, 0.738, 0.058, 0.741, 0.797, 0.697, 0.67, 0.111, 0.096, 0.553, 0.002, 1.887, 0.997, 0.479, 0.083, 0.181, 0.716], [8608.1, 8635.1, 8642.2, 8654.1, 8654.1, 8754.2, 8782.1, 8930.1, 8947.1, 8947.1, 8983.1, 9110.2, 9208.1, 9247.1, 9319.1, 9330.1, 9330.1, 9532.2, 10052.2]]"
Eric Dier,"[10.658000000000001, 12, [2.0, 0.479, 0.747, 0.817, 0.858, 1.288, 0.463, 0.692, 0.677, 0.67, 0.964, 1.003], [8613.2, 8625.1, 9001.1, 9053.1, 9145.1, 9658.2, 9684.1, 10205.1, 10257.2, 10505.1, 11654.1, 11725.1]]"
Ander Herrera,"[6.9239999999999995, 12, [0.463, 0.535, 0.897, 0.917, 0.006, 0.771, 0.332, 0.679, 0.397, 0.406, 0.88, 0.641], [8645.1, 8654.2, 8863.2, 8910.1, 8910.1, 8973.1, 9030.1, 9069.2, 9253.1, 9689.1, 10266.2, 10299.2]]"
Enner Valencia,"[6.8839999999999995, 11, [0.868, 0.615, 0.255, 0.04, 1.346, 0.323, 0.67, 1.08, 1.422, 0.0, 0.265], [8646.2, 8678.2, 8703.2, 8872.1, 9188.2, 9188.2, 9214.1, 9214.1, 9559.1, 9633.2, 9649.1]]"
Diafra Sakho,"[12.064, 18, [0.893, 0.356, 0.225, 0.378, 0.998, 0.293, 0.065, 0.692, 0.553, 1.887, 0.0, 0.653, 0.808, 1.011, 0.692, 0.673, 1.887, 0.0], [8646.2, 8652.1, 8662.2, 8676.1, 8678.2, 8692.1, 8755.1, 8806.1, 8866.2, 8902.1, 9020.2, 9040.2, 9054.1, 9266.2, 9353.1, 9493.2, 9816.1, 9924.2]]"
Victor Wanyama,"[6.48, 10, [1.482, 0.0, 0.673, 0.096, 1.697, 0.04, 0.692, 0.117, 0.92, 0.763], [8651.2, 8683.1, 8700.2, 9303.1, 9383.1, 9526.1, 9734.1, 9740.2, 10003.2, 10465.1]]"
Yannick Bolasie,"[6.253, 11, [0.44, 0.615, 0.175, -0.006, 1.298, 0.842, 0.866, 0.128, 0.97, 0.837, 0.088], [8653.2, 8919.2, 8919.2, 8919.2, 9060.1, 9106.2, 9119.1, 9119.1, 9317.2, 9449.2, 10061.1]]"
Emre Can,"[6.942, 10, [0.692, 0.155, 1.106, 0.816, 0.113, 0.5, 0.995, 0.897, 0.897, 0.771], [8708.1, 9245.2, 9378.1, 9457.2, 9473.1, 9497.2, 9715.2, 9889.2, 9987.2, 10023.1]]"
Bafétimbi Gomis,"[12.46, 13, [1.491, 1.377, 1.868, 0.463, 0.006, 1.654, 0.959, 0.71, 0.692, 0.995, 1.252, 0.993, 0.0], [8714.1, 8863.1, 8896.2, 8911.1, 8911.1, 8965.2, 8974.1, 8988.2, 9000.1, 9011.2, 9026.1, 9139.2, 9349.2]]"
Bojan,"[10.565000000000001, 14, [0.757, 0.468, 0.93, 1.197, 0.697, 0.673, 0.757, 1.004, 0.747, 0.396, 0.707, 0.454, 0.92, 0.858], [8715.2, 8752.1, 8781.2, 8819.2, 9042.1, 9076.2, 9111.2, 9152.1, 9164.1, 9295.1, 9307.2, 9380.1, 9476.2, 9532.1]]"
Aaron Cresswell,"[8.76, 10, [1.129, 0.692, 0.995, 1.843, 0.491, 0.176, 0.91, 0.998, 0.716, 0.81], [8734.1, 8923.1, 9157.2, 9319.2, 10106.1, 10566.1, 10568.2, 10638.2, 11273.2, 11575.1]]"
Érik Lamela,"[9.363, 17, [0.964, 0.789, 0.01, 0.788, 0.816, 0.018, 0.255, 0.837, 0.714, 0.234, 0.0, 0.4, 0.964, 0.897, 0.707, 0.04, 0.93], [8772.1, 8939.2, 9053.1, 9083.2, 9172.2, 9309.1, 9360.2, 9372.2, 10125.1, 10125.1, 10174.1, 10178.2, 10215.2, 10236.2, 10522.2, 10554.1, 11157.2]]"
Cheikhou Kouyaté,"[11.393999999999998, 15, [0.392, 1.002, 0.842, 0.727, 0.964, 1.009, 0.997, 0.176, 0.93, 0.917, 0.046, 0.817, 0.956, 0.809, 0.81], [8795.1, 8846.1, 8866.2, 8909.2, 8993.2, 9012.1, 9054.1, 9224.1, 9338.2, 9686.1, 9806.1, 9876.1, 10690.1, 10909.1, 11704.1]]"
Ben Mee,"[9.974, 12, [0.697, 0.97, 0.218, 1.197, 0.81, 0.853, 1.079, 0.706, 1.422, 0.103, 1.002, 0.917], [8818.1, 8858.2, 9560.2, 10821.2, 11038.1, 11078.1, 11301.2, 11378.1, 11390.1, 11659.1, 11779.1, 11858.1]]"
Odion Ighalo,"[10.376999999999999, 16, [1.589, 1.129, 0.757, 0.641, 0.789, 0.858, 0.406, 0.816, 0.002, 0.673, 0.465, 0.01, 0.817, 1.002, 0.185, 0.238], [8989.2, 9032.1, 9041.2, 9041.2, 9058.2, 9092.1, 9092.1, 9117.2, 9133.1, 9141.2, 9155.1, 9155.1, 9172.1, 9212.1, 9355.2, 9406.2]]"
Dimitri Payet,"[7.807, 11, [0.392, 0.692, 0.406, 0.764, 0.0, 0.892, 0.181, 1.845, 1.022, 0.936, 0.677], [9003.1, 9036.1, 9036.1, 9063.2, 9068.2, 9188.2, 9241.2, 9266.2, 9297.1, 9436.1, 9512.2]]"
Shinji Okazaki,"[6.856000000000001, 14, [0.897, 0.014, 0.44, 0.897, 0.763, 0.368, 0.13, 0.238, 0.553, 0.67, 0.469, 0.647, 0.653, 0.117], [9003.2, 9110.2, 9148.2, 9197.2, 9279.1, 9452.1, 9503.2, 9730.2, 9747.2, 9760.1, 9801.1, 9834.2, 9915.2, 9915.2]]"
César Azpilicueta,"[10.070999999999998, 10, [0.717, 0.747, 1.002, 1.845, 0.858, 0.97, 0.757, 1.646, 0.858, 0.671], [9015.2, 9190.1, 9640.1, 9827.1, 10070.1, 10440.2, 10708.2, 10744.1, 11089.1, 11509.1]]"
Steve Cook,"[9.607000000000001, 10, [0.004, 0.81, 1.392, 0.995, 1.022, 1.015, 2.0, 0.727, 1.268, 0.374], [9031.2, 9256.1, 9275.1, 9300.2, 9438.1, 9497.1, 9851.2, 9958.2, 10146.2, 10629.1]]"
Matt Ritchie,"[8.468, 11, [0.356, 0.67, 0.113, 1.025, 1.207, 0.083, 1.252, 1.491, 1.003, 0.332, 0.936], [9038.1, 9083.1, 9237.1, 9344.1, 10011.1, 10043.1, 10082.1, 10364.1, 10427.2, 10802.1, 10864.1]]"
Kurt Zouma,"[8.409, 12, [1.059, 0.929, 1.207, 0.673, 0.44, 0.332, 0.553, 1.106, 0.281, 0.321, 0.591, 0.917], [9039.1, 9859.2, 10342.1, 10446.2, 10895.2, 10919.1, 10948.2, 10990.1, 11189.2, 11376.1, 11716.1, 11775.1]]"
N'Golo Kanté,"[8.376000000000001, 12, [1.059, 0.004, 0.647, 0.93, 0.917, 1.079, 0.756, 0.282, 0.666, 0.842, 0.553, 0.641], [9098.1, 9450.1, 9781.2, 10130.2, 10281.1, 10319.2, 10470.1, 10559.1, 10584.2, 10633.2, 11314.2, 11379.2]]"
Nathan Aké,"[11.892000000000001, 16, [0.67, 0.897, 2.0, 0.692, 1.08, 0.084, 0.979, 0.037, 0.609, 1.998, 0.757, 0.441, 0.031, 0.0, 0.615, 1.002], [9155.1, 9482.2, 9497.1, 9527.1, 9937.1, 9990.2, 10148.1, 10323.2, 10328.1, 10488.1, 10565.2, 10747.1, 10912.1, 11436.1, 11609.2, 11923.1]]"
Joselu,"[7.948, 10, [0.841, 1.252, 0.175, 0.615, 0.858, 0.8, 0.67, 0.956, 0.756, 1.025], [9169.2, 9194.1, 9237.2, 9284.2, 9773.1, 9813.1, 9902.1, 9973.1, 10133.1, 10153.1]]"
Benik Afobe,"[5.733, 10, [0.04, 0.741, 1.135, 0.265, 0.244, 0.842, 0.955, 0.293, 0.757, 0.461], [9198.1, 9211.2, 9218.2, 9256.1, 9508.2, 9555.2, 9578.1, 9647.1, 9675.2, 9698.1]]"
Bertrand Traoré,"[8.048, 11, [0.0, 0.858, 0.441, 0.263, 0.67, 0.837, 0.454, 0.763, 0.917, 1.843, 1.002], [9238.1, 9265.1, 10987.1, 11026.2, 11028.1, 11052.2, 11128.1, 11228.1, 11258.1, 11712.2, 11937.1]]"
Alex Iwobi,"[9.584, 17, [0.676, 0.463, 0.321, 0.378, 0.374, 0.378, 0.356, 0.018, 0.723, 0.006, 0.816, 0.722, 0.757, 0.218, 1.998, 0.67, 0.71], [9282.2, 9290.1, 9507.1, 9547.1, 9587.1, 9807.1, 9977.1, 10107.1, 10140.2, 10297.1, 10380.2, 10541.1, 11064.2, 11366.2, 11461.1, 11742.1, 11983.2]]"
Ruben Loftus-Cheek,"[6.264, 10, [0.897, 0.936, 0.01, 0.0, 0.176, 0.816, 0.058, 2.001, 1.002, 0.368], [9291.2, 9868.1, 10098.1, 10218.2, 10259.1, 10274.2, 10391.1, 10440.2, 10490.1, 10969.1]]"
Zlatan Ibrahimovic,"[11.621, 17, [0.1, 0.858, 0.396, 0.491, 0.679, 0.151, 0.74, 0.964, 1.843, 0.673, 0.553, 0.176, 0.4, 1.025, 0.676, 0.999, 0.897], [9368.2, 9379.1, 9379.1, 9401.1, 9475.2, 9475.2, 9493.1, 9499.2, 9518.2, 9535.2, 9535.2, 9543.1, 9566.2, 9571.1, 9601.2, 9671.1, 9683.2]]"
Michy Batshuayi,"[8.578999999999999, 15, [0.92, 0.419, 1.654, 0.0, 0.0, 1.004, 0.008, 0.93, 0.647, 0.762, 0.763, 0.468, 0.006, 0.005, 0.993], [9384.2, 9640.1, 9735.2, 9739.1, 9739.1, 9827.1, 9827.1, 10393.2, 10409.2, 10489.2, 10499.1, 10499.1, 10584.2, 11083.1, 11180.2]]"
Roberto Pereyra,"[10.278, 16, [0.113, 0.465, 0.919, 0.0, 1.048, 1.207, 0.67, 0.81, 0.396, 1.059, 0.679, 0.692, 0.824, 0.955, 0.0, 0.441], [9395.1, 9485.1, 9827.2, 10005.1, 10065.1, 10075.1, 10115.1, 10135.1, 10135.1, 10155.1, 10216.2, 10226.1, 10316.1, 10555.1, 10718.2, 10755.1]]"
Granit Xhaka,"[9.293, 17, [0.0, 1.059, 0.96, 0.998, 0.86, 0.763, 0.697, 0.463, 0.441, 0.348, 0.353, 0.348, 0.741, 0.096, 0.004, 0.697, 0.465], [9410.2, 9717.1, 9927.1, 10172.2, 10219.2, 10327.1, 10417.1, 10817.1, 11027.1, 11597.1, 11657.1, 11727.1, 11773.2, 11917.1, 11927.1, 12017.1, 12017.1]]"
Jeff Hendrick,"[9.897, 12, [0.858, 0.697, 0.842, 1.422, 0.4, 0.706, 0.757, 0.999, 1.422, 0.108, 0.897, 0.789], [9419.1, 9508.1, 9810.2, 9840.1, 10149.2, 10338.1, 10470.2, 10549.2, 10579.1, 10894.2, 11010.2, 11336.2]]"
Michael Keane,"[9.113999999999999, 12, [0.406, 0.92, 0.498, 0.187, 1.079, 1.063, 0.706, 1.465, 0.936, 0.443, 0.392, 1.019], [9419.1, 9620.2, 10148.2, 10655.2, 10813.2, 10900.1, 10929.1, 11064.2, 11301.1, 11510.1, 11588.1, 11932.1]]"
Demarai Gray,"[14.033000000000001, 19, [0.0, 0.479, 0.692, 1.135, 0.837, 1.079, 0.262, 0.692, 1.135, 0.265, 0.919, 0.964, 0.348, 0.591, 1.995, 1.019, 0.864, 0.0, 0.757], [9421.2, 9842.1, 9892.1, 9902.2, 10154.2, 10229.2, 10356.2, 10401.1, 10706.2, 10862.1, 11281.2, 11288.2, 11301.1, 11398.1, 11408.1, 11669.1, 11821.2, 11832.1, 11904.2]]"
Fernando Llorente,"[15.968000000000002, 17, [0.756, 1.059, 1.941, 0.396, 0.018, 0.003, 0.998, 0.615, 0.806, 0.697, 1.994, 0.692, 0.771, 0.757, 1.862, 0.741, 1.862], [9425.1, 9495.1, 9495.1, 9515.1, 9515.1, 9545.1, 9581.2, 9581.2, 9617.2, 9632.1, 9632.1, 9705.1, 9725.1, 9733.2, 9745.1, 9965.2, 10366.1]]"
Sam Vokes,"[14.980000000000002, 17, [0.007, 0.858, 0.67, 1.887, 0.67, 0.86, 1.129, 0.977, 0.97, 0.763, 0.842, 0.195, 1.654, 0.892, 1.268, 0.747, 0.591], [9444.2, 9449.1, 9469.1, 9589.1, 9639.1, 9688.2, 9719.1, 9719.1, 9727.2, 9738.1, 9749.2, 9749.2, 9852.2, 10075.2, 10189.2, 10198.1, 10249.1]]"
Ryan Fraser,"[13.629999999999999, 18, [0.275, 0.66, 0.083, 0.917, 0.81, 1.862, 1.357, 0.858, 0.763, 0.747, 0.463, 0.443, 0.25, 0.498, 0.615, 1.252, 1.08, 0.697], [9497.1, 9555.2, 9557.1, 9888.1, 9947.1, 9947.1, 9986.2, 10108.1, 10128.1, 10167.1, 10167.1, 10267.1, 10328.1, 10421.2, 10457.2, 10548.1, 11505.1, 11542.1]]"
Henrikh Mkhitaryan,"[7.009, 13, [0.771, 0.002, 0.964, 0.647, 0.176, 0.018, 0.86, 0.225, 1.019, 0.677, 0.71, 0.461, 0.479], [9513.1, 9543.1, 9601.2, 9683.2, 9792.1, 10037.1, 10101.2, 10140.2, 10237.1, 10293.2, 10293.2, 10387.1, 10397.1]]"
Ademola Lookman,"[8.254, 11, [0.0, 1.482, 0.897, 0.67, 1.207, 0.406, 0.0, 1.129, 0.789, 0.858, 0.816], [9568.1, 10934.2, 10982.2, 11059.1, 11131.1, 11393.1, 11451.2, 11463.1, 11526.2, 11581.1, 11591.2]]"
Oumar Niasse,"[7.965999999999999, 12, [0.176, 1.298, 0.265, 0.978, 1.004, 1.646, 0.0, 0.327, 0.739, 0.956, 0.396, 0.181], [9600.1, 9643.1, 9643.1, 9669.1, 9800.1, 9800.1, 9828.1, 9848.1, 9861.2, 9980.1, 10008.1, 10126.2]]"
Manolo Gabbiadini,"[9.44, 10, [0.697, 0.897, 0.676, 1.575, 0.797, 1.004, 0.993, 1.357, 0.697, 0.747], [9603.1, 9614.2, 9614.2, 9634.2, 9823.1, 9823.1, 10020.2, 10054.2, 10064.1, 10246.1]]"
Harry Maguire,"[9.01, 11, [0.406, 0.86, 0.396, 0.997, 2.001, 0.456, 0.806, 0.498, 0.707, 0.953, 0.93], [9669.1, 9692.2, 9760.1, 9931.1, 10154.2, 10194.2, 10363.2, 10760.2, 10933.2, 11080.1, 11521.2]]"
Ben Chilwell,"[9.082999999999998, 12, [0.374, 0.757, 1.106, 1.868, 1.002, 0.964, 0.218, 0.065, 0.964, 0.02, 1.004, 0.741], [9702.1, 10604.2, 10750.1, 10805.2, 10919.1, 10959.1, 11258.2, 11329.1, 11339.2, 11350.1, 11700.1, 11912.2]]"
Álvaro Morata,"[10.062000000000001, 16, [0.1, 0.463, 0.964, 0.673, 0.031, 0.0, 1.059, 0.816, 0.964, 1.002, 0.771, 0.461, 0.0, 0.842, 0.81, 1.106], [9749.1, 9768.1, 9781.2, 9804.2, 9804.2, 9804.2, 9847.1, 9866.2, 9890.1, 9938.1, 10059.1, 10140.1, 10204.2, 10218.2, 10230.1, 10230.1]]"
Solly March,"[8.352, 11, [1.079, 0.327, 0.997, 1.135, 0.697, 0.155, 0.175, 1.002, 0.396, 1.197, 1.192], [9787.2, 10287.1, 10907.1, 10967.2, 11719.1, 11816.2, 11832.2, 11839.1, 11839.1, 11869.2, 11911.2]]"
Trent Alexander-Arnold,"[6.089, 12, [0.058, 0.4, 0.741, 0.0, 0.763, 0.463, 0.647, 1.995, 0.789, 0.065, 0.103, 0.065], [9941.1, 10254.2, 10559.2, 10692.2, 10810.1, 10870.1, 11086.2, 11191.1, 11376.2, 11435.1, 11682.1, 12004.2]]"
Lewis Dunk,"[9.488000000000001, 13, [0.692, 0.727, 0.757, 0.262, 0.13, 0.952, 1.268, 1.205, 0.93, 0.816, 0.741, 0.281, 0.727], [10027.1, 10231.2, 10238.2, 10621.2, 10640.2, 10799.1, 11035.2, 11047.1, 11108.2, 11165.2, 11236.2, 11542.2, 11945.2]]"
Cenk Tosun,"[8.555, 10, [0.816, 0.265, 1.288, 1.589, 0.93, 0.332, 0.06, 1.346, 0.999, 0.93], [10028.2, 10040.1, 10053.2, 10053.2, 10099.2, 10191.1, 10211.1, 10505.2, 10612.1, 10731.2]]"
Dominic Solanke,"[7.315, 10, [0.096, 1.252, 0.0, 0.929, 0.814, 0.673, 0.607, 1.491, 1.056, 0.397], [10120.1, 10848.1, 10848.1, 10881.2, 11704.2, 11749.2, 11790.2, 11928.1, 11954.2, 11978.1]]"
Pierre-Emile Højbjerg,"[7.938, 12, [0.0, 0.81, 0.8, 1.079, 0.454, 0.368, 0.771, 0.936, 0.892, 0.858, 0.06, 0.91], [10161.2, 10173.1, 10324.1, 10438.2, 11086.1, 11246.1, 11334.1, 11384.1, 11661.2, 11705.1, 11755.1, 11809.2]]"
Philip Billing,"[7.608, 10, [0.93, 0.374, 0.858, 0.281, 1.197, 0.956, 0.638, 0.673, 0.771, 0.93], [10162.2, 10302.1, 10747.1, 11704.2, 11723.2, 11738.1, 11790.2, 11897.2, 11907.1, 11941.2]]"
Adama Traoré,"[10.467000000000002, 10, [2.0, 1.482, 0.0, 0.956, 0.392, 2.0, 1.004, 0.006, 0.93, 1.697], [10166.2, 10581.2, 10581.2, 10676.1, 10696.1, 11190.2, 11236.1, 11486.1, 11761.2, 11906.1]]"
Felipe Anderson,"[7.715000000000001, 10, [0.67, 1.252, 1.609, 0.92, 0.0, 0.397, 0.86, 1.135, 0.868, 0.004], [10195.1, 10235.1, 10235.1, 10241.2, 10265.2, 10286.1, 10314.2, 10314.2, 10463.2, 10716.1]]"
Matt Doherty,"[10.536, 11, [1.145, 0.816, 2.001, 0.463, 0.747, 0.953, 1.845, 0.677, 0.757, 1.048, 0.084], [10199.2, 10258.2, 10285.2, 10436.1, 10576.1, 10646.1, 10696.1, 10784.2, 11533.2, 11574.1, 11831.2]]"
Bobby De Cordova-Reid,"[8.139, 14, [0.866, 0.12, 0.67, 0.406, 0.046, 0.038, 0.771, 0.756, 0.763, 0.757, 0.67, 0.0, 1.346, 0.93], [10209.1, 10295.2, 10369.1, 10369.1, 10489.1, 10901.2, 10949.1, 10969.1, 11000.1, 11095.2, 11670.1, 11730.1, 11770.2, 11811.2]]"
Stuart Armstrong,"[10.506, 16, [0.816, 0.71, 0.697, 0.716, 0.647, 0.002, 0.615, 0.741, 0.176, 0.368, 0.67, 0.609, 0.763, 1.059, 0.953, 0.964], [10251.2, 10251.2, 10266.1, 10722.2, 10745.2, 10775.1, 10803.2, 10851.2, 10964.1, 11005.1, 11085.1, 11185.1, 11475.1, 11524.1, 11773.1, 11986.2]]"
Dwight McNeil,"[5.776999999999999, 14, [0.468, 0.8, 0.265, 0.0, 0.002, 0.979, 0.679, 1.056, 0.01, 0.67, 0.808, 0.04, 0.0, 0.0], [10318.1, 10429.1, 10439.1, 10599.1, 10768.1, 11078.1, 11159.2, 11735.2, 11769.1, 11909.1, 11949.1, 11968.1, 11988.2, 11988.2]]"
Declan Rice,"[5.389, 10, [1.002, 0.692, 0.129, 0.917, 0.002, 0.762, 0.864, 0.018, 0.195, 0.808], [10346.1, 10415.1, 10866.1, 11126.1, 11265.1, 11357.2, 11754.2, 11896.1, 11958.2, 12015.1]]"
Fabian Schär,"[6.379, 10, [0.763, 0.368, 0.763, 0.1, 0.817, 0.936, 0.108, 0.465, 0.93, 1.129], [10353.1, 10353.1, 10405.1, 10500.2, 10544.1, 10702.1, 11259.2, 11542.1, 11574.2, 11653.1]]"
Scott McTominay,"[7.537999999999999, 12, [0.741, 0.757, 0.917, 0.842, 0.461, 0.002, 0.67, 0.486, 0.0, 1.112, 0.692, 0.858], [10456.2, 10492.2, 10573.1, 10603.2, 10621.1, 10793.1, 11022.1, 11022.1, 11101.1, 11112.1, 11464.1, 11943.1]]"
Eddie Nketiah,"[10.349, 14, [0.0, 0.809, 0.816, 1.646, 0.999, 0.741, 0.714, 0.67, 0.356, 0.468, 0.348, 0.197, 0.74, 1.845], [10498.2, 10767.1, 10814.2, 10897.1, 11197.1, 11509.2, 11509.2, 11617.1, 11617.1, 11637.1, 11807.1, 11818.2, 11847.1, 11847.1]]"
John McGinn,"[5.859, 10, [0.757, 0.816, 1.491, 0.286, 0.67, 0.816, 0.03, 0.332, 0.108, 0.553], [10512.2, 10557.2, 10567.1, 10918.1, 11198.1, 11243.2, 11276.2, 11338.1, 11392.2, 11930.2]]"
Daniel James,"[6.214, 12, [0.0, 1.019, 0.757, 0.024, 0.0, 1.08, 0.964, 0.006, 0.757, 0.214, 0.953, 0.44], [10515.1, 10531.1, 10545.2, 11022.1, 11101.1, 11133.1, 11384.2, 11472.1, 11497.2, 11497.2, 11799.1, 11949.2]]"
Douglas Luiz,"[6.3950000000000005, 11, [0.282, 0.0, 0.956, 0.441, 0.67, 0.92, 0.456, 0.692, 0.993, 0.293, 0.692], [10518.1, 10583.2, 10737.1, 11537.1, 11587.1, 11687.2, 11824.2, 11918.1, 11959.2, 11998.1, 12018.1]]"
Anwar El Ghazi,"[9.070000000000002, 15, [0.002, 0.81, 0.463, 0.0, 2.0, 0.673, 0.0, 0.018, 0.868, 0.673, 0.692, 1.465, 0.642, 0.396, 0.368], [10527.1, 10567.1, 10628.1, 10717.1, 11006.2, 11026.2, 11026.2, 11028.1, 11039.2, 11140.2, 11208.1, 11221.2, 11243.2, 11258.1, 11278.1]]"
Joelinton,"[8.132, 16, [0.897, 0.018, 0.108, 0.771, 0.441, 0.91, 0.608, 0.93, 0.93, 0.676, 0.797, 0.0, 0.083, 0.151, 0.356, 0.456], [10534.2, 10802.1, 10980.2, 11184.1, 11204.1, 11244.1, 11382.1, 11528.2, 11606.2, 11606.2, 11716.2, 11716.2, 11786.1, 11814.2, 11966.1, 11968.2]]"
Sébastien Haller,"[7.800999999999998, 10, [1.192, 0.414, 0.763, 1.059, 0.93, 0.443, 1.002, 0.0, 1.145, 0.853], [10535.2, 10535.2, 10546.1, 10586.1, 10675.2, 10716.1, 10786.1, 10916.1, 10974.2, 11013.1]]"
Rodri,"[8.578999999999999, 14, [0.055, 0.084, 0.771, 0.763, 0.762, 0.018, 0.396, 2.001, 0.286, 0.741, 0.058, 0.979, 0.995, 0.67], [10552.2, 10648.2, 10762.1, 11123.1, 11198.2, 11291.1, 11381.1, 11467.2, 11605.1, 11609.2, 11625.1, 11645.1, 11813.2, 11874.1]]"
Nicolas Pépé,"[11.214000000000002, 16, [0.936, 1.268, 0.692, 0.378, 1.288, 0.368, 0.727, 0.4, 0.93, 0.424, 0.468, 0.93, 0.0, 1.002, 0.378, 1.025], [10557.1, 10666.2, 10707.1, 10757.1, 10799.2, 10917.1, 11021.2, 11085.2, 11103.2, 11141.2, 11227.1, 11250.2, 11250.2, 11257.1, 11257.1, 11457.1]]"
Ismaïla Sarr,"[6.731999999999999, 10, [0.842, 1.002, 0.04, 1.059, 0.378, 0.441, 1.192, 0.385, 0.952, 0.441], [10644.2, 10685.1, 10705.1, 10785.1, 10785.1, 11276.1, 11313.2, 11313.2, 11326.1, 11385.1]]"
Allan Saint-Maximin,"[12.563000000000002, 12, [0.741, 1.482, 1.059, 0.697, 0.756, 1.192, 1.995, 0.817, 1.137, 0.692, 1.002, 0.993], [10651.2, 10795.2, 10802.1, 10924.1, 11133.2, 11188.2, 11292.1, 11312.1, 11382.1, 11452.1, 11482.1, 11686.2]]"
Pablo Fornals,"[11.267, 16, [0.817, 1.056, 0.653, 0.757, 0.797, 0.771, 0.468, 0.771, 0.858, 0.385, 1.252, 1.009, 0.176, 1.357, 0.01, 0.13], [10706.1, 10772.2, 10922.2, 10951.2, 11186.2, 11265.1, 11265.1, 11285.1, 11295.1, 11357.2, 11376.1, 11485.1, 11556.1, 11678.2, 11958.2, 12024.2]]"
Joe Willock,"[12.177999999999999, 14, [0.108, 0.747, 0.955, 1.609, 0.999, 0.842, 1.05, 0.939, 0.842, 0.806, 0.676, 0.1, 1.298, 1.207], [10814.2, 11113.1, 11184.1, 11204.1, 11212.2, 11231.2, 11244.1, 11253.1, 11259.2, 11525.2, 11528.2, 11793.2, 11802.1, 11934.1]]"
Emiliano Buendía,"[5.565, 10, [0.673, 0.756, 0.797, 0.995, 0.653, 0.06, 0.998, 0.368, 0.263, 0.002], [10845.2, 11287.1, 11437.1, 11491.2, 11620.2, 11658.1, 11824.2, 11837.1, 11889.2, 11918.1]]"
David McGoldrick,"[4.978, 10, [0.747, 0.018, 0.085, 0.757, 0.67, 0.046, 0.374, 0.771, 0.747, 0.763], [10853.1, 10853.1, 10917.2, 10959.2, 11012.1, 11012.1, 11074.1, 11173.1, 11214.1, 11264.1]]"
Daniel Podence,"[9.761, 12, [0.917, 0.479, 0.906, 0.956, 0.135, 1.252, 0.757, 0.939, 0.707, 0.741, 1.002, 0.97], [10876.1, 10956.1, 10977.2, 11014.1, 11456.1, 11526.1, 11651.2, 11706.1, 11812.2, 11828.2, 11846.1, 11935.2]]"
Gabriel Magalhães,"[8.093, 10, [0.647, 0.809, 0.673, 0.058, 0.842, 1.056, 0.107, 1.862, 1.197, 0.842], [10889.2, 10977.1, 11359.2, 11417.1, 11502.2, 11615.2, 11637.1, 11677.1, 11788.2, 11910.2]]"
Matheus Pereira,"[8.517, 11, [0.693, 0.86, 0.757, 0.714, 1.252, 0.806, 0.929, 0.81, 0.707, 0.218, 0.771], [10900.2, 11063.2, 11076.2, 11076.2, 11095.1, 11179.2, 11179.2, 11195.1, 11208.2, 11227.2, 11256.1]]"
Timo Werner,"[5.307999999999999, 10, [0.697, 0.479, 0.084, 0.01, 0.463, 0.964, 1.646, 0.706, 0.153, 0.106], [10927.1, 10927.1, 10948.2, 10959.1, 11119.1, 11215.2, 11329.1, 11509.1, 11585.2, 11585.2]]"
Kai Havertz,"[15.074000000000002, 19, [0.947, 0.757, 0.692, 0.406, 0.842, 0.81, 0.615, 0.175, 1.887, 0.125, -0.131, 0.697, 1.862, 0.939, 0.077, 0.747, 1.207, 0.929, 1.491], [10927.1, 11189.2, 11219.1, 11219.1, 11290.2, 11370.1, 11538.2, 11538.2, 11550.1, 11563.2, 11585.2, 11641.1, 11700.1, 11740.1, 11780.2, 11810.1, 11840.1, 11912.2, 11921.1]]"
Alexis Mac Allister,"[11.363, 16, [0.993, 1.465, 0.011, 0.673, 0.414, 0.964, 0.842, 0.255, 0.377, 0.0, 0.67, 0.747, 0.93, 1.998, 1.024, 0.0], [10928.2, 11268.2, 11349.1, 11471.2, 11471.2, 11616.2, 11676.2, 11690.2, 11699.1, 11699.1, 11798.1, 11900.1, 11911.2, 11920.1, 11929.1, 11988.1]]"
Eberechi Eze,"[10.846000000000002, 15, [0.443, 0.43, 1.129, 0.108, 0.837, 1.491, 0.797, 0.68, 1.288, 0.424, 1.079, 0.498, 0.406, 0.858, 0.378], [10960.1, 11050.1, 11090.1, 11234.2, 11612.2, 11741.1, 11761.1, 11817.2, 11878.2, 11940.2, 11953.2, 11953.2, 11981.1, 12001.1, 12001.1]]"
Edinson Cavani,"[8.17, 12, [0.0, 0.91, 1.988, 0.707, 0.036, 0.763, 1.465, 0.006, 0.125, 0.697, 0.553, 0.92], [10961.2, 10984.2, 10984.2, 11059.2, 11101.1, 11112.1, 11194.2, 11203.1, 11228.2, 11252.1, 11364.2, 11452.2]]"
Raphinha,"[14.272, 17, [1.482, 0.0, 0.01, 0.816, 0.454, 1.135, 1.004, 0.741, 0.747, 1.145, 0.771, 1.998, 0.897, 0.076, 1.009, 0.842, 1.145], [10981.2, 11046.2, 11060.1, 11084.2, 11100.1, 11170.2, 11281.1, 11312.2, 11322.1, 11363.2, 11373.1, 11399.1, 11421.2, 11439.1, 11521.1, 11586.2, 11638.2]]"
Conor Gallagher,"[10.022999999999998, 13, [0.697, 0.809, 0.837, 0.893, 0.108, 0.265, 0.917, 0.006, 0.906, 1.288, 1.843, 0.697, 0.757], [10985.1, 10995.1, 11295.2, 11295.2, 11361.2, 11371.1, 11422.1, 11422.1, 11444.2, 11478.2, 11729.2, 11948.1, 11987.2]]"
Emile Smith Rowe,"[6.778999999999999, 12, [0.771, 0.816, 0.697, 0.083, 0.681, 1.129, 0.741, 0.06, 0.022, 0.0, 0.777, 1.002], [11227.1, 11242.2, 11317.1, 11347.1, 11359.2, 11367.1, 11400.2, 11427.1, 11439.2, 11453.2, 11509.2, 11517.1]]"
Saïd Benrahma,"[9.587, 15, [0.993, 0.71, 0.378, 0.771, 0.959, 0.777, 0.23, 0.741, 0.193, 0.002, 0.747, 0.897, 0.809, 0.609, 0.771], [11237.2, 11273.2, 11285.1, 11315.1, 11455.1, 11466.2, 11564.2, 11626.2, 11626.2, 11775.1, 11795.1, 11807.2, 11916.1, 11955.1, 11995.1]]"
Emmanuel Dennis,"[7.92, 12, [0.692, 0.816, 0.0, 0.0, 0.28, 0.817, 0.842, 0.67, 1.482, 0.853, 0.697, 0.771], [11276.1, 11313.2, 11352.2, 11385.1, 11393.2, 11401.1, 11418.2, 11466.1, 11518.2, 11594.1, 11745.1, 11924.1]]"
Odsonne Édouard,"[5.954, 11, [0.176, 0.0, 1.346, 0.692, 0.011, 0.392, 0.692, 0.74, 0.858, 0.117, 0.93], [11300.1, 11300.1, 11337.2, 11460.1, 11470.1, 11490.1, 11729.1, 11741.1, 11781.1, 11940.2, 12009.2]]"
Bryan Mbeumo,"[9.454, 13, [0.653, 0.816, 1.995, 1.002, 0.082, 0.278, 0.806, 0.174, 0.441, 0.4, 0.747, 0.868, 1.192], [11316.2, 11335.2, 11418.1, 11579.1, 11659.1, 11698.1, 11792.2, 11829.1, 11858.1, 11974.2, 11999.1, 12014.2, 12014.2]]"
Yoane Wissa,"[8.699000000000002, 14, [1.165, 2.001, 0.817, 0.085, 0.006, 0.465, 0.814, 0.993, 0.0, 0.0, 1.346, 0.441, 0.441, 0.125], [11318.1, 11335.2, 11468.1, 11559.2, 11569.2, 11618.1, 11628.2, 11689.2, 11698.1, 11715.2, 11792.2, 11829.1, 11999.1, 12014.2]]"
Jacob Ramsey,"[6.479, 12, [0.004, 0.93, 0.258, 1.002, 0.368, 0.03, 0.917, 0.419, 0.265, 0.697, 0.692, 0.897], [11347.2, 11433.2, 11477.1, 11497.1, 11497.1, 11556.2, 11717.1, 11787.1, 11918.1, 11947.1, 11998.1, 12010.2]]"
Taiwo Awoniyi,"[8.014, 10, [0.939, 0.697, 1.059, 0.897, 0.747, 0.443, 0.741, 0.814, 0.747, 0.93], [11664.1, 11724.1, 11772.1, 11836.2, 11993.1, 11993.1, 12000.2, 12000.2, 12013.1, 12021.2]]"
Alexander Isak,"[8.683, 10, [0.93, 0.022, 0.956, 1.887, 0.771, 0.806, 2.001, 1.192, 0.118, 0.0], [11694.2, 11716.2, 11723.1, 11843.1, 11914.1, 11924.2, 11924.2, 11938.2, 11966.1, 11966.1]]"
