year,match_num,home_away,1_scorer,2_scorer,3_scorer,4_scorer,5_scorer,6_scorer,7_scorer,8_scorer,9_scorer,10_scorer
2013,1,home,"[['06'], 'Olivier Giroud']"
2013,1,away,"[['22', '61'], 'Christian Benteke']","[['85'], 'Antonio Luna']"
2013,2,home,"[['37'], 'Daniel Sturridge']"
2013,2,away
2013,3,home,"[['51'], 'Steven Whittaker']","[['71'], 'Ricky van Wolfswinkel']"
2013,3,away,"[['61'], 'Ross Barkley']","[['65'], 'Séamus Coleman']"
2013,4,home
2013,4,away,"[['52'], 'Pajtim Kasami']"
2013,5,home,"[['82'], 'Wilfried Bony']"
2013,5,away,"[['34', '72'], 'Robin van Persie']","[['36', '90.02'], 'Danny Welbeck']"
2013,6,home
2013,6,away,"[['90'], 'Rickie Lambert']"
2013,7,home,"[['13'], 'Joe Cole']","[['76'], 'Kevin Nolan']"
2013,7,away
2013,8,home,"[['13'], ' Oscar']","[['25'], 'Frank Lampard']"
2013,8,away
2013,9,home
2013,9,away,"[['50'], 'Roberto Soldado']"
2013,10,home,"[['06'], 'David Silva']","[['22'], 'Sergio Agüero']","[['50'], 'Yaya Touré']","[['75'], 'Samir Nasri']"
2013,10,away
2013,11,home,"[['06'], '!Antonio Luna']","[['73'], 'Branislav Ivanovic']"
2013,11,away,"[['45.03'], 'Christian Benteke']"
2013,12,home
2013,12,away,"[['21'], 'Daniel Sturridge']"
2013,13,home
2013,13,away
2013,14,home,"[['77'], 'Darren Bent']"
2013,14,away,"[['14'], 'Olivier Giroud']","[['41', '68'], 'Lukas Podolski']"
2013,15,home,"[['22'], 'Robert Brady']"
2013,15,away
2013,16,home
2013,16,away
2013,17,home,"[['88'], 'José Fonte']"
2013,17,away,"[['03'], 'Emanuele Giaccherini']"
2013,18,home,"[['58'], 'Charlie Adam']","[['62'], 'Ryan Shawcross']"
2013,18,away,"[['31'], 'Marouane Chamakh']"
2013,19,home,"[['60'], 'Aron Gunnarsson']","[['79', '87'], 'Fraizer Campbell']"
2013,19,away,"[['52'], 'Edin Dzeko']","[['90.02'], 'Álvaro Negredo']"
2013,20,home,"[['58'], 'Roberto Soldado']"
2013,20,away
2013,21,home
2013,21,away
2013,22,home
2013,22,away
2013,23,home,"[['09'], 'Danny Gabbidon']","[['79'], 'Dwight Gayle']","[['90.02'], ""Stuart O'Keefe""]"
2013,23,away,"[['64'], 'Steven Fletcher']"
2013,24,home,"[['65'], 'Álvaro Negredo']","[['90'], 'Yaya Touré']"
2013,24,away
2013,25,home,"[['86'], 'Hatem Ben Arfa']"
2013,25,away
2013,26,home,"[['68'], 'Nathan Redmond']"
2013,26,away
2013,27,home
2013,27,away,"[['82'], 'Jermaine Pennant']"
2013,28,home,"[['23'], 'Olivier Giroud']"
2013,28,away
2013,29,home,"[['04'], 'Daniel Sturridge']"
2013,29,away
2013,30,home
2013,30,away,"[['22'], 'Ben Davies']","[['83'], 'Pablo Hernández']"
2013,31,home,"[['67'], 'Christian Benteke']"
2013,31,away,"[['18'], 'Hatem Ben Arfa']","[['73'], 'Yoan Gouffran']"
2013,32,home,"[['45.01'], 'Steven Naismith']"
2013,32,away
2013,33,home,"[['22'], 'Steve Sidwell']"
2013,33,away,"[['90.02'], 'Gareth McAuley']"
2013,34,home,"[['40'], 'Curtis Davies']"
2013,34,away,"[['59'], 'Peter Whittingham']"
2013,35,home,"[['45.01'], 'Robin van Persie']","[['81'], 'Wayne Rooney']"
2013,35,away
2013,36,home
2013,36,away
2013,37,home,"[['48'], 'Craig Gardner']"
2013,37,away,"[['11'], 'Olivier Giroud']","[['67', '76'], 'Aaron Ramsey']"
2013,38,home,"[['28', '49'], 'Gylfi Sigurdsson']"
2013,38,away
2013,39,home
2013,39,away
2013,40,home,"[['02'], 'Jonjo Shelvey']","[['64'], ' Michu']"
2013,40,away,"[['04'], 'Daniel Sturridge']","[['36'], 'Victor Moses']"
2013,41,home,"[['52'], ' Oscar']","[['84'], 'John Obi Mikel']"
2013,41,away
2013,42,home
2013,42,away,"[['53'], 'Dejan Lovren']"
2013,43,home,"[['10', '44'], 'Loïc Rémy']"
2013,43,away,"[['26'], 'Robert Brady']","[['48'], 'Ahmed El Mohamady']","[['76'], 'Sone Aluko']"
2013,44,home
2013,44,away,"[['30'], 'Libor Kozák']"
2013,45,home,"[['20'], 'Stéphane Sessègnon']","[['76'], 'Liam Ridgewell']","[['90.03'], 'Morgan Amalfitano']"
2013,45,away
2013,46,home,"[['31'], 'Ravel Morrison']","[['76'], 'Mark Noble']"
2013,46,away,"[['62', '83'], 'Leighton Baines']","[['85'], 'Romelu Lukaku']"
2013,47,home,"[['05'], 'Aaron Ramsey']","[['36'], 'Per Mertesacker']","[['72'], 'Bacary Sagna']"
2013,47,away,"[['26'], 'Geoff Cameron']"
2013,48,home
2013,48,away,"[['90.03'], ' Paulinho']"
2013,49,home
2013,49,away,"[['02'], ' Michu']","[['48'], 'Nathan Dyer']"
2013,50,home,"[['16', '47'], 'Sergio Agüero']","[['45.01'], 'Yaya Touré']","[['50'], 'Samir Nasri']"
2013,50,away,"[['87'], 'Wayne Rooney']"
2013,51,home,"[['51'], 'Karim El Ahmadi']","[['73'], 'Leandro Bacuna']","[['75'], 'Andreas Weimann']"
2013,51,away,"[['45'], 'Yaya Touré']","[['56'], 'Edin Dzeko']"
2013,52,home,"[['45'], 'Bryan Ruiz']"
2013,52,away,"[['12'], 'Steven Caulker']","[['90.02'], 'Jordon Mutch']"
2013,53,home,"[['12'], 'Robert Brady']"
2013,53,away
2013,54,home,"[['57'], 'Wayne Rooney']"
2013,54,away,"[['54'], 'Morgan Amalfitano']","[['67'], 'Saido Berahino']"
2013,55,home,"[['47'], 'Daniel Osvaldo']","[['49'], 'Rickie Lambert']"
2013,55,away
2013,56,home,"[['81'], 'Ben Davies']"
2013,56,away,"[['58'], 'Serge Gnabry']","[['62'], 'Aaron Ramsey']"
2013,57,home,"[['19'], 'Gylfi Sigurdsson']"
2013,57,away,"[['65'], 'John Terry']"
2013,58,home
2013,58,away,"[['34'], 'Jonny Howson']"
2013,59,home,"[['52'], 'Emanuele Giaccherini']"
2013,59,away,"[['28'], 'Daniel Sturridge']","[['36', '89'], 'Luis Suárez']"
2013,60,home,"[['05', '37'], 'Romelu Lukaku']","[['25'], 'Ross Barkley']"
2013,60,away,"[['51'], 'Yohan Cabaye']","[['89'], 'Loïc Rémy']"
2013,61,home,"[['58'], 'Peter Odemwingie']"
2013,61,away,"[['30', '38'], 'Loïc Rémy']"
2013,62,home,"[['83'], 'Darren Bent']"
2013,62,away
2013,63,home
2013,63,away
2013,64,home,"[['13'], 'Luis Suárez']","[['17'], 'Daniel Sturridge']","[['38'], 'Steven Gerrard']"
2013,64,away,"[['76'], 'Dwight Gayle']"
2013,65,home,"[['17'], 'Álvaro Negredo']","[['45'], 'Sergio Agüero']","[['69'], '!Tim Howard']"
2013,65,away,"[['16'], 'Romelu Lukaku']"
2013,66,home,"[['05'], 'Craig Gardner']"
2013,66,away,"[['55', '61'], 'Adnan Januzaj']"
2013,67,home,"[['68'], 'Anthony Pilkington']"
2013,67,away,"[['04'], ' Oscar']","[['85'], 'Eden Hazard']","[['86'], ' Willian']"
2013,68,home,"[['19'], 'Adam Lallana']","[['83'], 'Jay Rodríguez']"
2013,68,away
2013,69,home
2013,69,away,"[['66'], 'Winston Reid']","[['72'], 'Ricardo Vaz Tê']","[['79'], 'Ravel Morrison']"
2013,70,home,"[['42'], 'Claudio Yacob']"
2013,70,away,"[['63'], 'Jack Wilshere']"
2013,71,home,"[['18'], 'Jack Wilshere']","[['58', '88'], 'Mesut Özil']","[['83'], 'Aaron Ramsey']"
2013,71,away,"[['70'], 'Jonny Howson']"
2013,72,home,"[['33', '82'], 'Eden Hazard']","[['66'], ""Samuel Eto'o""]","[['78'], ' Oscar']"
2013,72,away,"[['10'], 'Jordon Mutch']"
2013,73,home,"[['08'], 'Gareth Barry']","[['57'], 'Steven Pienaar']"
2013,73,away,"[['30'], 'Yannick Sagbo']"
2013,74,home,"[['26'], 'Robin van Persie']"
2013,74,away,"[['89'], 'Adam Lallana']"
2013,75,home,"[['23'], 'Yohan Cabaye']","[['56'], 'Paul Dummett']"
2013,75,away,"[['42'], 'Steven Gerrard']","[['72'], 'Daniel Sturridge']"
2013,76,home
2013,76,away
2013,77,home,"[['57'], '!Phil Bardsley']","[['58'], 'Jonathan de Guzmán']","[['64'], 'Wilfried Bony']","[['80'], '!Steven Fletcher']"
2013,77,away
2013,78,home,"[['58'], 'Ricardo Vaz Tê']"
2013,78,away,"[['16', '51'], 'Sergio Agüero']","[['80'], 'David Silva']"
2013,79,home
2013,79,away,"[['31'], 'Andros Townsend']","[['69'], 'Roberto Soldado']"
2013,80,home,"[['07'], 'Adrian Mariappa']"
2013,80,away,"[['19'], 'Pajtim Kasami']","[['45'], 'Steve Sidwell']","[['50'], 'Dimitar Berbatov']","[['55'], 'Philippe Senderos']"
2013,81,home
2013,81,away,"[['68'], 'Romelu Lukaku']","[['81'], 'Leon Osman']"
2013,82,home
2013,82,away,"[['47'], 'Mikel Arteta']","[['87'], 'Olivier Giroud']"
2013,83,home,"[['12', '17', '55'], 'Luis Suárez']","[['77'], 'Daniel Sturridge']"
2013,83,away,"[['66'], 'James Morrison']"
2013,84,home,"[['43'], 'Robin van Persie']","[['78'], 'Wayne Rooney']","[['80'], ' Chicharito']"
2013,84,away,"[['04'], 'Peter Crouch']","[['45'], 'Marko Arnautovic']"
2013,85,home
2013,85,away
2013,86,home,"[['20'], 'Rickie Lambert']","[['42'], 'Jay Rodríguez']"
2013,86,away
2013,87,home,"[['33'], 'André Schürrle']","[['90'], 'Fernando Torres']"
2013,87,away,"[['49'], 'Sergio Agüero']"
2013,88,home,"[['05'], 'Steven Fletcher']","[['84'], 'Fabio Borini']"
2013,88,away,"[['57'], 'Mathieu Debuchy']"
2013,89,home
2013,89,away
2013,90,home,"[['80'], 'Roberto Soldado']"
2013,90,away
2013,91,home,"[['19'], 'Santi Cazorla']","[['59'], 'Aaron Ramsey']"
2013,91,away
2013,92,home,"[['65'], 'Alexander Kacaniklic']"
2013,92,away,"[['09'], 'Antonio Valencia']","[['20'], 'Robin van Persie']","[['22'], 'Wayne Rooney']"
2013,93,home,"[['25'], '!Carlos Cuellar']"
2013,93,away
2013,94,home,"[['16'], '!Bradley Johnson']","[['20'], 'David Silva']","[['25'], '!Russell Martin']","[['36'], 'Álvaro Negredo']","[['60'], 'Yaya Touré']","[['71'], 'Sergio Agüero']","[['86'], 'Edin Dzeko']"
2013,94,away
2013,95,home,"[['68'], 'Yoan Gouffran']","[['89'], 'Loïc Rémy']"
2013,95,away
2013,96,home,"[['01'], 'Asmir Begovic']"
2013,96,away,"[['42'], 'Jay Rodríguez']"
2013,97,home,"[['44'], 'Saido Berahino']","[['83'], 'Gareth McAuley']"
2013,97,away
2013,98,home
2013,98,away
2013,99,home,"[['62'], 'Steven Caulker']"
2013,99,away
2013,100,home
2013,100,away
2013,101,home,"[['76'], 'Leandro Bacuna']","[['84'], 'Libor Kozák']"
2013,101,away
2013,102,home,"[['45'], ""Samuel Eto'o""]","[['90.06'], 'Eden Hazard']"
2013,102,away,"[['60'], 'Shane Long']","[['68'], 'Stéphane Sessègnon']"
2013,103,home
2013,103,away
2013,104,home,"[['23'], '!Fernando Amorebieta']","[['26'], 'Martin Skrtel']","[['36', '54'], 'Luis Suárez']"
2013,104,away
2013,105,home,"[['54'], 'Gary Hooper']","[['72'], 'Robert Snodgrass']","[['90.03'], 'Leroy Fer']"
2013,105,away,"[['32'], 'Ravel Morrison']"
2013,106,home,"[['16'], 'Morgan Schneiderlin']","[['30'], 'Rickie Lambert']","[['37'], 'Adam Lallana']","[['88'], 'Steven Davis']"
2013,106,away,"[['55'], 'Yannick Sagbo']"
2013,107,home,"[['27'], 'Robin van Persie']"
2013,107,away
2013,108,home,"[['21'], 'Phil Bardsley']"
2013,108,away
2013,109,home,"[['56', '86'], 'Wilfried Bony']","[['74'], 'Nathan Dyer']"
2013,109,away,"[['08'], 'Jonathan Walters']","[['25'], 'Stephen Ireland']","[['90.06'], 'Charlie Adam']"
2013,110,home
2013,110,away,"[['13'], 'Loïc Rémy']"
2013,111,home,"[['22', '86'], 'Olivier Giroud']"
2013,111,away
2013,112,home,"[['08'], 'Kevin Mirallas']","[['72', '82'], 'Romelu Lukaku']"
2013,112,away,"[['05'], 'Philippe Coutinho']","[['19'], 'Luis Suárez']","[['89'], 'Daniel Sturridge']"
2013,113,home,"[['64'], 'Scott Parker']"
2013,113,away,"[['56'], '!Aaron Hughes']","[['80'], 'Jonjo Shelvey']"
2013,114,home
2013,114,away,"[['81'], 'Barry Bannan']"
2013,115,home,"[['02'], 'Loïc Rémy']","[['38'], 'Yoan Gouffran']"
2013,115,away,"[['80'], 'Leroy Fer']"
2013,116,home,"[['30'], 'Charlie Adam']","[['81'], 'Steven Nzonzi']"
2013,116,away
2013,117,home
2013,117,away,"[['21', '82'], 'Frank Lampard']","[['34'], ' Oscar']"
2013,118,home,"[['33'], 'Fraizer Campbell']","[['90.01'], 'Kim Bo-Kyung']"
2013,118,away,"[['15'], 'Wayne Rooney']","[['45'], 'Patrice Evra']"
2013,119,home,"[['01', '90.02'], 'Jesús Navas']","[['34'], '! Sandro']","[['41', '50'], 'Sergio Agüero']","[['55'], 'Álvaro Negredo']"
2013,119,away
2013,120,home,"[['03', '11'], 'Shane Long']"
2013,120,away,"[['67'], 'Karim El Ahmadi']","[['76'], 'Ashley Westwood']"
2013,121,home
2013,121,away
2013,122,home
2013,122,away,"[['29', '90.02'], 'Aaron Ramsey']","[['86'], 'Mathieu Flamini']"
2013,123,home,"[['45'], 'Gerard Deulofeu']","[['49'], 'Séamus Coleman']","[['58'], 'Bryan Oviedo']","[['79'], 'Romelu Lukaku']"
2013,123,away
2013,124,home,"[['36'], 'Yoan Gouffran']","[['57'], 'Moussa Sissoko']"
2013,124,away,"[['53'], 'Chris Brunt']"
2013,125,home,"[['30'], 'Gary Hooper']"
2013,125,away
2013,126,home,"[['47'], 'Mohamed Diamé']","[['82'], 'Carlton Cole']","[['88'], 'Joe Cole']"
2013,126,away
2013,127,home,"[['55'], 'Gary Cahill']","[['62'], 'John Terry']","[['90'], 'Demba Ba']"
2013,127,away,"[['01'], 'Jay Rodríguez']"
2013,128,home,"[['20'], 'Jake Livermore']","[['72'], 'David Meyler']","[['87'], '!Martin Skrtel']"
2013,128,away,"[['27'], 'Steven Gerrard']"
2013,129,home,"[['08'], 'Álvaro Negredo']","[['58', '77'], 'Samir Nasri']"
2013,129,away
2013,130,home,"[['18'], 'Kyle Walker']","[['54'], ' Sandro']"
2013,130,away,"[['32', '57'], 'Wayne Rooney']"
2013,131,home,"[['42'], 'Marouane Chamakh']"
2013,131,away
2013,132,home,"[['02'], 'Nicklas Bendtner']","[['47'], 'Mesut Özil']"
2013,132,away
2013,133,home,"[['56'], 'Ashkan Dejagah']"
2013,133,away,"[['73'], 'Vlad Chiriches']","[['82'], 'Lewis Holtby']"
2013,134,home,"[['15', '29', '35', '74'], 'Luis Suárez']","[['88'], 'Raheem Sterling']"
2013,134,away,"[['83'], 'Bradley Johnson']"
2013,135,home
2013,135,away,"[['86'], 'Bryan Oviedo']"
2013,136,home,"[['48'], 'Jay Rodríguez']","[['69'], 'Daniel Osvaldo']"
2013,136,away,"[['15'], 'Gabriel Agbonlahor']","[['64'], 'Libor Kozák']","[['80'], 'Fabian Delph']"
2013,137,home
2013,137,away
2013,138,home,"[['14'], 'Jozy Altidore']","[['50'], ""John O'Shea""]","[['86'], 'Phil Bardsley']"
2013,138,away,"[['17'], 'Frank Lampard']","[['36', '62'], 'Eden Hazard']","[['84'], '!Phil Bardsley']"
2013,139,home,"[['45.01'], 'Nathan Dyer']","[['66'], '!Mathieu Debuchy']","[['81'], 'Jonjo Shelvey']"
2013,139,away
2013,140,home,"[['85'], '!Costel Pantilimon']","[['90.04'], 'Victor Anichebe']"
2013,140,away,"[['09'], 'Sergio Agüero']","[['24', '74'], 'Yaya Touré']"
2013,141,home,"[['06'], 'Cameron Jerome']","[['57'], 'Marouane Chamakh']"
2013,141,away
2013,142,home,"[['42'], '!Guy Demel']","[['47'], 'Mamadou Sakho']","[['81', '84'], 'Luis Suárez']"
2013,142,away,"[['66'], '!Martin Skrtel']"
2013,143,home
2013,143,away,"[['61'], 'Yohan Cabaye']"
2013,144,home,"[['42'], 'Daniel Osvaldo']"
2013,144,away,"[['10'], 'Sergio Agüero']"
2013,145,home,"[['42'], 'Peter Crouch']","[['50'], 'Stephen Ireland']","[['90'], 'Oussama Assaidi']"
2013,145,away,"[['09', '53'], 'André Schürrle']"
2013,146,home,"[['37'], 'Adam Johnson']"
2013,146,away,"[['43'], ' Paulinho']","[['50'], ""!John O'Shea""]"
2013,147,home
2013,147,away,"[['13'], 'Gary Hooper']","[['89'], 'Leroy Fer']"
2013,148,home,"[['80'], 'Mesut Özil']"
2013,148,away,"[['84'], 'Gerard Deulofeu']"
2013,149,home,"[['21'], 'Steve Sidwell']","[['30'], 'Dimitar Berbatov']"
2013,149,away
2013,150,home,"[['60'], 'Chico Flores']"
2013,150,away,"[['09'], 'Danny Graham']"
2013,151,home,"[['65'], 'Peter Whittingham']"
2013,151,away
2013,152,home,"[['16'], 'Fernando Torres']","[['35'], ' Ramires']"
2013,152,away,"[['29'], 'Marouane Chamakh']"
2013,153,home,"[['18'], 'Leon Osman']","[['73'], 'Séamus Coleman']","[['84'], 'Gareth Barry']","[['90.01'], 'Kevin Mirallas']"
2013,153,away,"[['67'], 'Dimitar Berbatov']"
2013,154,home
2013,154,away
2013,155,home,"[['14'], 'Sergio Agüero']","[['39'], 'Álvaro Negredo']","[['50', '88'], ' Fernandinho']","[['66'], 'David Silva']","[['90.06'], 'Yaya Touré']"
2013,155,away,"[['31', '63'], 'Theo Walcott']","[['90.04'], 'Per Mertesacker']"
2013,156,home,"[['27'], 'Yoan Gouffran']"
2013,156,away,"[['65'], 'Jay Rodríguez']"
2013,157,home
2013,157,away
2013,158,home
2013,158,away,"[['15', '18'], 'Danny Welbeck']","[['52'], 'Tom Cleverley']"
2013,159,home,"[['45.04'], 'Gary Hooper']"
2013,159,away,"[['12'], 'Nathan Dyer']"
2013,160,home
2013,160,away,"[['18', '84'], 'Luis Suárez']","[['40'], 'Jordan Henderson']","[['75'], 'Jon Flanagan']","[['89'], 'Raheem Sterling']"
2013,161,home
2013,161,away,"[['25'], 'Yohan Cabaye']","[['39'], '!Danny Gabbidon']","[['86'], 'Hatem Ben Arfa']"
2013,162,home,"[['50'], 'Kieran Richardson']","[['69'], '!Vincent Kompany']"
2013,162,away,"[['23'], 'Yaya Touré']","[['43'], 'Vincent Kompany']","[['78'], 'Jesús Navas']","[['83'], 'James Milner']"
2013,163,home,"[['25', '45'], 'Luis Suárez']","[['42'], 'Raheem Sterling']"
2013,163,away,"[['58'], 'Jordon Mutch']"
2013,164,home,"[['26'], 'Danny Welbeck']","[['36'], 'Adnan Januzaj']","[['72'], 'Ashley Young']"
2013,164,away,"[['81'], 'Carlton Cole']"
2013,165,home,"[['50'], 'Charlie Adam']","[['70'], 'Peter Crouch']"
2013,165,away,"[['66'], 'Libor Kozák']"
2013,166,home
2013,166,away
2013,167,home,"[['86'], 'Matej Vydra']"
2013,167,away,"[['28'], 'Jake Livermore']"
2013,168,home,"[['13'], 'Adam Lallana']","[['59'], 'Rickie Lambert']"
2013,168,away,"[['25', '64'], 'Emmanuel Adebayor']","[['54'], '!Jos Hooiveld']"
2013,169,home,"[['70'], '!Bryan Oviedo']"
2013,169,away,"[['66'], 'Séamus Coleman']","[['84'], 'Ross Barkley']"
2013,170,home
2013,170,away
2013,171,home
2013,171,away,"[['90.02'], 'Dwight Gayle']"
2013,172,home
2013,172,away,"[['14', '20'], 'Jay Rodríguez']","[['27'], 'Rickie Lambert']"
2013,173,home,"[['29'], 'Eden Hazard']"
2013,173,away
2013,174,home
2013,174,away,"[['25'], 'Ki Sung-Yeung']"
2013,175,home,"[['04'], 'James Chester']","[['13'], 'David Meyler']"
2013,175,away,"[['19'], 'Chris Smalling']","[['26'], 'Wayne Rooney']","[['66'], '!James Chester']"
2013,176,home,"[['31'], 'Vincent Kompany']","[['45.01'], 'Álvaro Negredo']"
2013,176,away,"[['24'], 'Philippe Coutinho']"
2013,177,home,"[['44', '56'], 'Loïc Rémy']","[['48'], 'Yoan Gouffran']","[['66'], 'Yohan Cabaye']","[['80'], 'Papiss Cissé']"
2013,177,away,"[['29'], 'Oussama Assaidi']"
2013,178,home,"[['13'], 'Gary Hooper']"
2013,178,away,"[['33'], 'Pajtim Kasami']","[['87'], 'Scott Parker']"
2013,179,home,"[['36'], 'Christian Eriksen']"
2013,179,away,"[['38'], 'Jonas Olsson']"
2013,180,home,"[['46'], 'Carlton Cole']"
2013,180,away,"[['68', '71'], 'Theo Walcott']","[['79'], 'Lukas Podolski']"
2013,181,home,"[['07'], 'Gabriel Agbonlahor']"
2013,181,away,"[['36'], 'Roland Lamah']"
2013,182,home,"[['06'], 'Jordon Mutch']","[['58'], 'Fraizer Campbell']"
2013,182,away,"[['83'], 'Steven Fletcher']","[['90.05'], 'Jack Colback']"
2013,183,home,"[['49'], 'Ahmed El Mohamady']","[['60', '84'], 'Robert Koren']","[['63'], 'George Boyd']","[['67'], 'Tom Huddlestone']","[['74'], 'Matty Fryatt']"
2013,183,away
2013,184,home,"[['66'], 'Edin Dzeko']"
2013,184,away
2013,185,home
2013,185,away,"[['57'], 'Danny Welbeck']"
2013,186,home,"[['04'], 'Joe Cole']","[['65'], 'Modibo Maiga']","[['67'], 'Kevin Nolan']"
2013,186,away,"[['40', '45.01'], 'Nicolas Anelka']","[['69'], 'Saido Berahino']"
2013,187,home,"[['17'], 'Eden Hazard']","[['34'], ""Samuel Eto'o""]"
2013,187,away,"[['03'], 'Martin Skrtel']"
2013,188,home,"[['09'], 'Séamus Coleman']","[['74'], 'Romelu Lukaku']"
2013,188,away,"[['71'], 'Gastón Ramírez']"
2013,189,home
2013,189,away,"[['65'], 'Olivier Giroud']"
2013,190,home,"[['37'], 'Roberto Soldado']","[['65'], 'Mousa Dembélé']","[['69'], 'Aaron Lennon']"
2013,190,away
2013,191,home,"[['88'], 'Nicklas Bendtner']","[['90.02'], 'Theo Walcott']"
2013,191,away
2013,192,home,"[['44'], 'Jason Puncheon']"
2013,192,away,"[['39'], 'Bradley Johnson']"
2013,193,home,"[['32'], 'Steve Sidwell']","[['66'], 'Dimitar Berbatov']"
2013,193,away,"[['07'], 'Mohamed Diamé']"
2013,194,home,"[['36'], 'Daniel Agger']","[['50'], 'Luis Suárez']"
2013,194,away
2013,195,home,"[['67'], 'Danny Welbeck']"
2013,195,away,"[['34'], 'Emmanuel Adebayor']","[['66'], 'Christian Eriksen']"
2013,196,home
2013,196,away,"[['60'], 'Fernando Torres']","[['71'], ' Willian']","[['82'], ' Oscar']"
2013,197,home,"[['49'], 'Oussama Assaidi']"
2013,197,away,"[['90.02'], 'Leighton Baines']"
2013,198,home
2013,198,away,"[['15'], 'Gabriel Agbonlahor']"
2013,199,home,"[['45.02', '90.01'], 'Wilfried Bony']"
2013,199,away,"[['14'], ' Fernandinho']","[['58'], 'Yaya Touré']","[['66'], 'Aleksandar Kolarov']"
2013,200,home,"[['87'], 'Saido Berahino']"
2013,200,away
2013,201,home
2013,201,away,"[['42'], 'Carlton Cole']","[['90.03'], 'Mark Noble']"
2013,202,home,"[['23'], 'Gareth Barry']","[['59'], 'Kevin Mirallas']"
2013,202,away
2013,203,home,"[['52'], 'Steve Sidwell']"
2013,203,away,"[['29', '69', '85'], 'Adam Johnson']","[['41'], 'Ki Sung-Yeung']"
2013,204,home
2013,204,away,"[['56'], 'Eden Hazard']","[['87'], 'Fernando Torres']"
2013,205,home,"[['47'], 'Antonio Valencia']","[['59'], 'Danny Welbeck']"
2013,205,away
2013,206,home,"[['66'], 'Adam Lallana']"
2013,206,away
2013,207,home,"[['50'], 'Christian Eriksen']","[['72'], 'Jermain Defoe']"
2013,207,away
2013,208,home
2013,208,away,"[['08'], 'Edin Dzeko']","[['90.05'], 'Álvaro Negredo']"
2013,209,home,"[['39'], 'Peter Crouch']","[['45'], 'Charlie Adam']","[['85'], 'Jonathan Walters']"
2013,209,away,"[['05'], '!Ryan Shawcross']","[['32', '71'], 'Luis Suárez']","[['51'], 'Steven Gerrard']","[['87'], 'Daniel Sturridge']"
2013,210,home,"[['76'], 'Christian Benteke']"
2013,210,away,"[['34'], 'Jack Wilshere']","[['35'], 'Olivier Giroud']"
2013,211,home,"[['57', '62'], 'Santi Cazorla']"
2013,211,away
2013,212,home,"[['51'], 'Jason Puncheon']"
2013,212,away
2013,213,home,"[['45.02'], 'Daniel Sturridge']","[['53'], 'Steven Gerrard']"
2013,213,away,"[['25'], 'Andreas Weimann']","[['36'], 'Christian Benteke']"
2013,214,home,"[['14'], 'Edin Dzeko']","[['33'], 'Jesús Navas']","[['76'], 'Yaya Touré']","[['79'], 'Sergio Agüero']"
2013,214,away,"[['29'], 'Craig Noone']","[['90.03'], 'Fraizer Campbell']"
2013,215,home,"[['87'], 'Ryan Bennett']"
2013,215,away
2013,216,home,"[['32'], 'Fabio Borini']","[['71'], 'Adam Johnson']"
2013,216,away,"[['04'], 'Jay Rodríguez']","[['31'], 'Dejan Lovren']"
2013,217,home,"[['45.02'], 'Carlton Cole']"
2013,217,away,"[['16', '90.05'], 'Yohan Cabaye']","[['33'], 'Loïc Rémy']"
2013,218,home,"[['17', '45', '49'], ""Samuel Eto'o""]"
2013,218,away,"[['78'], ' Chicharito']"
2013,219,home,"[['78'], 'Wilfried Bony']"
2013,219,away,"[['35', '71'], 'Emmanuel Adebayor']","[['53'], '!Chico Flores']"
2013,220,home,"[['75'], 'Diego Lugano']"
2013,220,away,"[['41'], 'Kevin Mirallas']"
2013,221,home,"[['16'], 'Jason Puncheon']"
2013,221,away
2013,222,home,"[['21'], 'Steven Gerrard']","[['33', '35'], 'Daniel Sturridge']","[['50'], 'Luis Suárez']"
2013,222,away
2013,223,home,"[['06'], 'Robin van Persie']","[['59'], 'Ashley Young']"
2013,223,away
2013,224,home
2013,224,away
2013,225,home,"[['21'], 'José Fonte']","[['54'], 'Adam Lallana']"
2013,225,away,"[['48'], 'Olivier Giroud']","[['52'], 'Santi Cazorla']"
2013,226,home,"[['61'], 'Jonjo Shelvey']","[['75'], '!Dimitar Berbatov']"
2013,226,away
2013,227,home,"[['12'], 'Andreas Weimann']","[['24'], 'Leandro Bacuna']","[['37'], 'Fabian Delph']","[['64'], 'Christian Benteke']"
2013,227,away,"[['04'], 'Chris Brunt']","[['09'], '!Fabian Delph']","[['43'], 'Youssouf Mulumbu']"
2013,228,home
2013,228,away
2013,229,home,"[['17'], 'Adam Johnson']"
2013,229,away
2013,230,home,"[['59'], 'Étienne Capoue']"
2013,230,away,"[['15'], 'Sergio Agüero']","[['51'], 'Yaya Touré']","[['53'], 'Edin Dzeko']","[['78'], 'Stevan Jovetic']","[['89'], 'Vincent Kompany']"
2013,231,home,"[['49'], 'Craig Bellamy']","[['50'], 'Kenwyne Jones']"
2013,231,away,"[['05'], 'Robert Snodgrass']"
2013,232,home,"[['74'], 'Steven Naismith']","[['85'], 'Kevin Mirallas']"
2013,232,away,"[['34'], 'Leandro Bacuna']"
2013,233,home
2013,233,away,"[['64'], 'Adam Lallana']","[['70'], 'Rickie Lambert']","[['75'], 'Jay Rodríguez']"
2013,234,home,"[['12'], 'Shane Long']"
2013,234,away,"[['61'], ' Paulinho']"
2013,235,home
2013,235,away,"[['19'], 'Fabio Borini']","[['23'], 'Adam Johnson']","[['80'], 'Jack Colback']"
2013,236,home,"[['38'], '!Michael Carrick']","[['52'], 'Charlie Adam']"
2013,236,away,"[['47'], 'Robin van Persie']"
2013,237,home,"[['26', '45.01'], 'Kevin Nolan']"
2013,237,away
2013,238,home,"[['47', '73'], 'Alex Oxlade-Chamberlain']"
2013,238,away
2013,239,home,"[['67'], 'Victor Anichebe']"
2013,239,away,"[['24'], 'Daniel Sturridge']"
2013,240,home
2013,240,away,"[['32'], 'Branislav Ivanovic']"
2013,241,home
2013,241,away,"[['46', '48'], 'Kevin Nolan']"
2013,242,home,"[['27', '34', '63'], 'Eden Hazard']"
2013,242,away
2013,243,home,"[['15'], 'Tom Ince']","[['27'], 'Joe Ledley']","[['69'], 'Marouane Chamakh']"
2013,243,away,"[['46'], 'Thievy Bifouma']"
2013,244,home,"[['01', '10'], 'Martin Skrtel']","[['16', '52'], 'Raheem Sterling']","[['20'], 'Daniel Sturridge']"
2013,244,away,"[['69'], 'Mikel Arteta']"
2013,245,home
2013,245,away
2013,246,home,"[['06'], 'Rickie Lambert']","[['41'], 'Steven Davis']"
2013,246,away,"[['38'], 'Peter Odemwingie']","[['44'], 'Peter Crouch']"
2013,247,home
2013,247,away,"[['16'], 'Shane Long']","[['62'], 'Nikica Jelavic']"
2013,248,home,"[['47'], 'Wayne Routledge']","[['79'], 'Nathan Dyer']","[['85'], 'Wilfried Bony']"
2013,248,away
2013,249,home,"[['78'], 'Robin van Persie']","[['80'], 'Michael Carrick']"
2013,249,away,"[['19'], 'Steve Sidwell']","[['90.04'], 'Darren Bent']"
2013,250,home,"[['65'], 'Emmanuel Adebayor']"
2013,250,away
2013,251,home
2013,251,away
2013,252,home
2013,252,away,"[['69'], 'José Fonte']"
2013,253,home,"[['87'], 'Victor Anichebe']"
2013,253,away,"[['45.03'], 'Branislav Ivanovic']"
2013,254,home,"[['84'], 'James Collins']","[['90.04'], 'Mohamed Diamé']"
2013,254,away
2013,255,home
2013,255,away
2013,256,home,"[['08'], '!Kolo Touré']","[['63'], 'Kieran Richardson']"
2013,256,away,"[['41'], 'Daniel Sturridge']","[['72'], 'Philippe Coutinho']","[['90.01'], 'Steven Gerrard']"
2013,257,home
2013,257,away,"[['19', '82'], 'Emmanuel Adebayor']","[['53'], ' Paulinho']","[['88'], 'Nacer Chadli']"
2013,258,home,"[['17'], 'Peter Crouch']"
2013,258,away,"[['52'], 'Chico Flores']"
2013,259,home,"[['05', '31'], 'Olivier Giroud']","[['42'], 'Tomas Rosicky']","[['57'], 'Laurent Koscielny']"
2013,259,away,"[['81'], 'Emanuele Giaccherini']"
2013,260,home
2013,260,away,"[['18'], 'Tom Huddlestone']","[['38', '57'], 'Nikica Jelavic']","[['67'], 'Jake Livermore']"
2013,261,home,"[['90.03'], 'Frank Lampard']"
2013,261,away
2013,262,home
2013,262,away,"[['62'], 'Robin van Persie']","[['68'], 'Wayne Rooney']"
2013,263,home,"[['70'], 'Yaya Touré']"
2013,263,away
2013,264,home,"[['86'], 'Matej Vydra']"
2013,264,away,"[['28'], 'Ashkan Dejagah']"
2013,265,home,"[['20'], 'Matthew Jarvis']","[['23'], 'Carlton Cole']","[['71'], 'Kevin Nolan']"
2013,265,away,"[['08'], 'Maya Yoshida']"
2013,266,home,"[['03', '36'], 'Daniel Sturridge']","[['20', '74'], 'Jordan Henderson']"
2013,266,away,"[['23'], 'Jonjo Shelvey']","[['27'], '!Martin Skrtel']","[['47'], 'Wilfried Bony']"
2013,267,home,"[['90.02'], 'Loïc Rémy']"
2013,267,away
2013,268,home,"[['47'], 'Robert Snodgrass']"
2013,268,away
2013,269,home,"[['81'], 'Romelu Lukaku']"
2013,269,away
2013,270,home,"[['74'], 'John Heitinga']"
2013,270,away,"[['52', '65', '68'], 'André Schürrle']"
2013,271,home,"[['46'], 'Curtis Davies']"
2013,271,away,"[['10', '55'], 'Moussa Sissoko']","[['42'], 'Loïc Rémy']","[['90.03'], 'Vurnon Anita']"
2013,272,home
2013,272,away,"[['16'], 'Luis Suárez']","[['58'], 'Raheem Sterling']","[['90.05'], 'Steven Gerrard']"
2013,273,home,"[['76'], 'Jonathan Walters']"
2013,273,away
2013,274,home,"[['25', '27'], 'Christian Benteke']","[['37'], 'Leandro Bacuna']","[['41'], '!Sebastien Bassong']"
2013,274,away,"[['03'], 'Wes Hoolahan']"
2013,275,home,"[['25'], 'Jonathan de Guzmán']"
2013,275,away,"[['82'], 'Glenn Murray']"
2013,276,home,"[['28'], 'Roberto Soldado']"
2013,276,away
2013,277,home,"[['45.01', '67'], 'Steven Caulker']","[['71'], '!Sascha Riether']"
2013,277,away,"[['59'], 'Lewis Holtby']"
2013,278,home,"[['56'], ""Samuel Eto'o""]","[['60'], 'Eden Hazard']","[['88', '89'], 'Demba Ba']"
2013,278,away
2013,279,home
2013,279,away,"[['37'], 'Jay Rodríguez']"
2013,280,home
2013,280,away
2013,281,home
2013,281,away,"[['34'], 'Phil Jones']","[['65'], 'Wayne Rooney']","[['82'], 'Danny Welbeck']"
2013,282,home,"[['82'], 'Fabian Delph']"
2013,282,away
2013,283,home,"[['59'], 'Gerard Deulofeu']","[['90.03'], 'Séamus Coleman']"
2013,283,away,"[['68'], 'Juan Cala']"
2013,284,home,"[['68'], 'Ashkan Dejagah']"
2013,284,away
2013,285,home
2013,285,away,"[['14'], 'David Silva']","[['90'], 'Edin Dzeko']"
2013,286,home,"[['05'], 'Morgan Schneiderlin']","[['57'], 'Rickie Lambert']","[['72'], 'Jay Rodríguez']","[['90.07'], 'Sam Gallagher']"
2013,286,away,"[['85'], 'Johan Elmander']","[['86'], 'Robert Snodgrass']"
2013,287,home,"[['32'], 'Peter Crouch']","[['69'], 'Marko Arnautovic']","[['79'], 'Peter Odemwingie']"
2013,287,away,"[['05'], 'Andy Carroll']"
2013,288,home
2013,288,away
2013,289,home,"[['02'], 'Roland Lamah']"
2013,289,away,"[['52'], 'Stéphane Sessègnon']","[['85'], 'Youssouf Mulumbu']"
2013,290,home
2013,290,away,"[['34', '46'], 'Steven Gerrard']","[['84'], 'Luis Suárez']"
2013,291,home
2013,291,away,"[['02'], 'Tomas Rosicky']"
2013,292,home,"[['09', '88'], 'Jordon Mutch']","[['25'], 'Fraizer Campbell']"
2013,292,away,"[['16', '60', '90.06'], 'Luis Suárez']","[['41', '54'], 'Martin Skrtel']","[['75'], 'Daniel Sturridge']"
2013,293,home,"[['05'], ""Samuel Eto'o""]","[['07'], 'André Schürrle']","[['17'], 'Eden Hazard']","[['42', '66'], ' Oscar']","[['71'], 'Mohamed Salah']"
2013,293,away
2013,294,home,"[['20'], 'Leighton Baines']","[['53'], 'Romelu Lukaku']","[['58'], 'Ross Barkley']"
2013,294,away,"[['33'], 'Wilfried Bony']","[['90.02'], 'Ashley Williams']"
2013,295,home,"[['31'], 'Liam Rosenior']","[['38'], 'Shane Long']"
2013,295,away
2013,296,home,"[['26', '54', '65'], 'Yaya Touré']","[['84'], ' Fernandinho']","[['88'], 'Martín Demichelis']"
2013,296,away
2013,297,home,"[['90.04'], 'Papiss Cissé']"
2013,297,away
2013,298,home,"[['20'], 'Robert Snodgrass']","[['32'], 'Alexander Tettey']"
2013,298,away
2013,299,home
2013,299,away,"[['08', '33'], 'Wayne Rooney']"
2013,300,home,"[['05'], 'Christian Benteke']"
2013,300,away,"[['22'], 'Peter Odemwingie']","[['26'], 'Peter Crouch']","[['42'], 'Steven Nzonzi']","[['90'], 'Geoff Cameron']"
2013,301,home,"[['31', '46'], 'Christian Eriksen']","[['90.02'], 'Gylfi Sigurdsson']"
2013,301,away,"[['19'], 'Jay Rodríguez']","[['28'], 'Adam Lallana']"
2013,302,home,"[['73'], 'Lukas Podolski']","[['74'], 'Olivier Giroud']"
2013,302,away,"[['11'], 'Wilfried Bony']","[['90'], '!Mathieu Flamini']"
2013,303,home
2013,303,away,"[['01', '56'], 'Edin Dzeko']","[['90'], 'Yaya Touré']"
2013,304,home
2013,304,away,"[['22'], 'Ross Barkley']","[['52'], 'Romelu Lukaku']","[['87'], 'Leon Osman']"
2013,305,home,"[['39'], 'Steven Gerrard']","[['48'], 'Daniel Sturridge']"
2013,305,away,"[['76'], 'Ki Sung-Yeung']"
2013,306,home,"[['26'], 'Mark Noble']","[['54'], '!James Chester']"
2013,306,away,"[['48'], 'Tom Huddlestone']"
2013,307,home,"[['53'], 'Mathieu Flamini']"
2013,307,away,"[['18'], 'David Silva']"
2013,308,home,"[['52'], '!John Terry']"
2013,308,away
2013,309,home,"[['20', '45'], 'Wayne Rooney']","[['57'], 'Juan Mata']","[['90.01'], ' Chicharito']"
2013,309,away,"[['13'], 'Ashley Westwood']"
2013,310,home,"[['45.01', '89'], 'Jay Rodríguez']","[['49'], 'Rickie Lambert']","[['70'], 'Adam Lallana']"
2013,310,away
2013,311,home,"[['62'], 'Peter Odemwingie']"
2013,311,away
2013,312,home,"[['30', '38'], 'Jonathan de Guzmán']","[['75'], 'Wayne Routledge']"
2013,312,away
2013,313,home,"[['02'], 'Morgan Amalfitano']","[['09'], 'Graham Dorrans']","[['90.04'], 'Thievy Bifouma']"
2013,313,away,"[['30'], 'Jordon Mutch']","[['73'], 'Steven Caulker']","[['90.05'], 'Mats Møller Dæhli']"
2013,314,home,"[['71'], 'Ashkan Dejagah']"
2013,314,away,"[['50'], '!David Stockdale']","[['79'], 'Kevin Mirallas']","[['87'], 'Steven Naismith']"
2013,315,home,"[['02'], '!Younes Kaboul']","[['25'], 'Luis Suárez']","[['55'], 'Philippe Coutinho']","[['75'], 'Jordan Henderson']"
2013,315,away
2013,316,home,"[['65'], 'Adam Johnson']"
2013,316,away,"[['09'], 'Andy Carroll']","[['50'], 'Mohamed Diamé']"
2013,317,home,"[['70'], 'Grant Holt']"
2013,317,away,"[['61'], 'Kieran Richardson']","[['86'], 'Hugo Rodallega']"
2013,318,home
2013,318,away,"[['31', '88'], 'Jason Puncheon']","[['71'], 'Joe Ledley']"
2013,319,home,"[['32'], 'Mohamed Salah']","[['61'], 'Frank Lampard']","[['72'], ' Willian']"
2013,319,away
2013,320,home,"[['39'], 'George Boyd']"
2013,320,away
2013,321,home,"[['03'], 'Yaya Touré']","[['45.01'], 'Samir Nasri']","[['45.04'], 'Edin Dzeko']","[['81'], 'Stevan Jovetic']"
2013,321,away,"[['37'], 'Rickie Lambert']"
2013,322,home
2013,322,away,"[['39', '50'], 'Juan Mata']","[['64'], ' Chicharito']","[['90.03'], 'Adnan Januzaj']"
2013,323,home
2013,323,away,"[['16'], 'Morgan Amalfitano']"
2013,324,home,"[['14'], 'Steven Naismith']","[['34'], 'Romelu Lukaku']","[['61'], '!Mikel Arteta']"
2013,324,away
2013,325,home,"[['45.02'], 'Guy Demel']"
2013,325,away,"[['44', '71'], 'Steven Gerrard']"
2013,326,home,"[['28', '86'], 'Emmanuel Adebayor']","[['59'], 'Harry Kane']","[['78'], 'Christian Eriksen']","[['90.02'], 'Gylfi Sigurdsson']"
2013,326,away,"[['17'], 'Lee Cattermole']"
2013,327,home,"[['76'], 'Jason Puncheon']"
2013,327,away
2013,328,home,"[['40'], 'Hugo Rodallega']"
2013,328,away
2013,329,home
2013,329,away,"[['65'], 'Juan Cala']"
2013,330,home,"[['42'], 'Erik Pieters']"
2013,330,away
2013,331,home
2013,331,away,"[['75'], '!Wes Brown']"
2013,332,home,"[['01'], 'Matej Vydra']","[['04'], 'Chris Brunt']","[['31'], 'Stéphane Sessègnon']"
2013,332,away,"[['34'], '!Jonas Olsson']","[['70'], 'Harry Kane']","[['90.04'], 'Christian Eriksen']"
2013,333,home,"[['06'], 'Raheem Sterling']","[['26'], 'Martin Skrtel']","[['78'], 'Philippe Coutinho']"
2013,333,away,"[['57'], 'David Silva']","[['62'], '!Glen Johnson']"
2013,334,home
2013,334,away,"[['68'], 'Demba Ba']"
2013,335,home,"[['44', '78'], 'Lukas Podolski']","[['55'], 'Olivier Giroud']"
2013,335,away,"[['40'], 'Matthew Jarvis']"
2013,336,home,"[['61'], 'Steven Naismith']","[['86'], 'Kevin Mirallas']"
2013,336,away,"[['23'], 'Jason Puncheon']","[['49'], 'Scott Dann']","[['73'], 'Cameron Jerome']"
2013,337,home,"[['02'], ' Fernandinho']","[['88'], 'Samir Nasri']"
2013,337,away,"[['73', '83'], 'Connor Wickham']"
2013,338,home
2013,338,away
2013,339,home,"[['51'], 'Peter Whittingham']"
2013,339,away,"[['45.03'], 'Marko Arnautovic']"
2013,340,home,"[['12'], ""Samuel Eto'o""]"
2013,340,away,"[['18'], 'Connor Wickham']","[['82'], 'Fabio Borini']"
2013,341,home,"[['23'], 'Shola Ameobi']"
2013,341,away,"[['45.01', '90.02'], 'Wilfried Bony']"
2013,342,home,"[['35'], ' Paulinho']","[['48'], 'Harry Kane']","[['62'], 'Younes Kaboul']"
2013,342,away,"[['37'], 'Steve Sidwell']"
2013,343,home
2013,343,away,"[['59'], 'Mile Jedinak']"
2013,344,home,"[['28'], 'Leighton Baines']","[['43'], 'Kevin Mirallas']"
2013,344,away
2013,345,home
2013,345,away,"[['31'], 'Aaron Ramsey']","[['45', '54'], 'Lukas Podolski']"
2013,346,home,"[['54'], 'Gary Hooper']","[['77'], 'Robert Snodgrass']"
2013,346,away,"[['04', '62'], 'Raheem Sterling']","[['11'], 'Luis Suárez']"
2013,347,home,"[['03'], 'Pablo Zabaleta']","[['10'], 'Sergio Agüero']","[['36'], 'Martín Demichelis']"
2013,347,away,"[['16'], 'Graham Dorrans']"
2013,348,home,"[['55'], 'Ashkan Dejagah']","[['58'], 'Fernando Amorebieta']"
2013,348,away,"[['75'], 'Nikica Jelavic']","[['87'], 'Shane Long']"
2013,349,home,"[['41', '48'], 'Wayne Rooney']","[['63', '73'], 'Juan Mata']"
2013,349,away
2013,350,home,"[['01'], '!Antolín Alcáraz']","[['31'], '!Séamus Coleman']"
2013,350,away
2013,351,home
2013,351,away,"[['33'], 'Danny Rose']"
2013,352,home,"[['10', '90.04'], 'Wilfried Bony']","[['26'], 'Jonjo Shelvey']","[['73'], 'Pablo Hernández']"
2013,352,away,"[['22'], 'Gabriel Agbonlahor']"
2013,353,home,"[['11'], 'Saido Berahino']"
2013,353,away
2013,354,home
2013,354,away,"[['04'], 'Edin Dzeko']","[['43'], 'Yaya Touré']"
2013,355,home
2013,355,away,"[['45.03'], 'Demba Ba']","[['90.04'], ' Willian']"
2013,356,home,"[['26', '86'], 'Connor Wickham']","[['45.01'], 'Fabio Borini']","[['76'], 'Emanuele Giaccherini']"
2013,356,away
2013,357,home,"[['26'], 'Laurent Koscielny']","[['42'], 'Mesut Özil']","[['66'], 'Olivier Giroud']"
2013,357,away
2013,358,home,"[['01'], 'Ashley Westwood']","[['41', '45.03'], 'Andreas Weimann']"
2013,358,away,"[['28'], '!Jordan Bowery']"
2013,359,home,"[['11'], 'Ross Barkley']","[['65'], 'Romelu Lukaku']"
2013,359,away,"[['22'], 'Sergio Agüero']","[['43', '48'], 'Edin Dzeko']"
2013,360,home
2013,360,away,"[['30'], 'Sebastian Larsson']"
2013,361,home,"[['18'], 'Shola Ameobi']","[['87'], 'Loïc Rémy']","[['90.01'], 'Steven Taylor']"
2013,361,away
2013,362,home,"[['39'], 'Peter Odemwingie']","[['54'], 'Marko Arnautovic']","[['73'], 'Oussama Assaidi']","[['82'], 'Jonathan Walters']"
2013,362,away,"[['80'], 'Kieran Richardson']"
2013,363,home
2013,363,away,"[['90.03'], 'Rickie Lambert']"
2013,364,home,"[['27'], '!Harry Kane']","[['44'], 'Stewart Downing']"
2013,364,away
2013,365,home,"[['14'], 'Olivier Giroud']"
2013,365,away
2013,366,home
2013,366,away
2013,367,home,"[['79'], 'Damien Delaney']","[['81', '88'], 'Dwight Gayle']"
2013,367,away,"[['18'], 'Joe Allen']","[['53'], '!Damien Delaney']","[['55'], 'Luis Suárez']"
2013,368,home,"[['31', '61'], 'James Wilson']","[['86'], 'Robin van Persie']"
2013,368,away,"[['63'], 'Matty Fryatt']"
2013,369,home,"[['64', '72'], 'Edin Dzeko']","[['89'], 'Stevan Jovetic']","[['90.03'], 'Yaya Touré']"
2013,369,away
2013,370,home,"[['13'], 'Jack Colback']","[['31'], 'Fabio Borini']"
2013,370,away
2013,371,home,"[['15'], '!César Azpilicueta']"
2013,371,away,"[['72'], 'André Schürrle']","[['75'], 'Fernando Torres']"
2013,372,home,"[['61'], 'Cauley Woodrow']","[['90.04'], 'Chris David']"
2013,372,away,"[['28', '83'], 'Dwight Gayle']"
2013,373,home
2013,373,away,"[['09'], 'James McCarthy']","[['46'], 'Romelu Lukaku']"
2013,374,home,"[['63'], 'Daniel Agger']","[['65'], 'Daniel Sturridge']"
2013,374,away,"[['20'], '!Martin Skrtel']"
2013,375,home,"[['39'], 'Samir Nasri']","[['49'], 'Vincent Kompany']"
2013,375,away
2013,376,home
2013,376,away,"[['53'], 'Aaron Ramsey']","[['62'], 'Carl Jenkinson']"
2013,377,home,"[['28'], 'Rickie Lambert']"
2013,377,away,"[['54'], 'Juan Mata']"
2013,378,home,"[['50'], 'Fabio Borini']"
2013,378,away,"[['07'], 'Nathan Dyer']","[['14'], 'Marvin Emnes']","[['54'], 'Wilfried Bony']"
2013,379,home,"[['14'], ' Paulinho']","[['35'], '!Nathan Baker']","[['38'], 'Emmanuel Adebayor']"
2013,379,away
2013,380,home,"[['56'], 'Stéphane Sessègnon']"
2013,380,away,"[['22'], '!Gareth McAuley']","[['87'], 'Charlie Adam']"
